{
  "Match": "BWF World Championships 2022 ｜ Kodai Naraoka (JPN) vs. Kunlavut Vitidsarn (THA) [16] ｜ R32",
  "b_r_players": [
    "Kunlavut Vitidsarn",
    "Kodai Naraoka"
  ],
  "correct_scores": [
    [
      21,
      18
    ],
    [
      21,
      11
    ],
    [
      0,
      0
    ]
  ],
  "games": [
    {
      "score count": 70,
      "blue red score": [
        36,
        34
      ]
    },
    {
      "score count": 4,
      "blue red score": [
        0,
        4
      ]
    }
  ],
  "blue win shots": {
    "長球": 84,
    "切球": 148,
    "殺球": 133,
    "挑球": 40,
    "小球": 34,
    "平球": 26,
    "撲球": 5
  },
  "blue loss shots": {
    "長球": 64,
    "切球": 132,
    "殺球": 128,
    "挑球": 50,
    "小球": 41,
    "平球": 22,
    "撲球": 5
  },
  "red win shots": {
    "長球": 98,
    "切球": 3,
    "殺球": 16,
    "挑球": 220,
    "小球": 19,
    "平球": 29,
    "撲球": 56
  },
  "red loss shots": {
    "長球": 110,
    "切球": 0,
    "殺球": 10,
    "挑球": 250,
    "小球": 21,
    "平球": 27,
    "撲球": 55
  },
  "blue win moves": {
    "DLBL": 5,
    "DLBR": 0,
    "DLFL": 5,
    "DLFR": 12,
    "DSBL": 17,
    "DSBR": 8,
    "DSFL": 29,
    "DSFR": 38,
    "LLB": 0,
    "LLF": 0,
    "LSB": 5,
    "LSF": 61,
    "TLL": 109,
    "TLR": 6,
    "TSL": 0,
    "TSR": 35,
    "NM": 143
  },
  "blue loss moves": {
    "DLBL": 1,
    "DLBR": 0,
    "DLFL": 5,
    "DLFR": 9,
    "DSBL": 13,
    "DSBR": 3,
    "DSFL": 25,
    "DSFR": 28,
    "LLB": 0,
    "LLF": 2,
    "LSB": 12,
    "LSF": 52,
    "TLL": 77,
    "TLR": 3,
    "TSL": 0,
    "TSR": 55,
    "NM": 156
  },
  "red win moves": {
    "DLBL": 9,
    "DLBR": 1,
    "DLFL": 3,
    "DLFR": 8,
    "DSBL": 15,
    "DSBR": 13,
    "DSFL": 24,
    "DSFR": 24,
    "LLB": 1,
    "LLF": 1,
    "LSB": 20,
    "LSF": 40,
    "TLL": 74,
    "TLR": 4,
    "TSL": 0,
    "TSR": 41,
    "NM": 164
  },
  "red loss moves": {
    "DLBL": 14,
    "DLBR": 3,
    "DLFL": 1,
    "DLFR": 6,
    "DSBL": 21,
    "DSBR": 21,
    "DSFL": 23,
    "DSFR": 27,
    "LLB": 0,
    "LLF": 1,
    "LSB": 12,
    "LSF": 46,
    "TLL": 90,
    "TLR": 3,
    "TSL": 0,
    "TSR": 48,
    "NM": 154
  },
  "blue total shots": {
    "長球": 148,
    "切球": 280,
    "殺球": 261,
    "挑球": 90,
    "小球": 75,
    "平球": 48,
    "撲球": 10
  },
  "red total shots": {
    "長球": 208,
    "切球": 3,
    "殺球": 26,
    "挑球": 470,
    "小球": 40,
    "平球": 56,
    "撲球": 111
  },
  "blue total moves": {
    "DLBL": 6,
    "DLBR": 0,
    "DLFL": 10,
    "DLFR": 21,
    "DSBL": 30,
    "DSBR": 11,
    "DSFL": 54,
    "DSFR": 66,
    "LLB": 0,
    "LLF": 2,
    "LSB": 17,
    "LSF": 113,
    "TLL": 186,
    "TLR": 9,
    "TSL": 0,
    "TSR": 90,
    "NM": 299
  },
  "red total moves": {
    "DLBL": 23,
    "DLBR": 4,
    "DLFL": 4,
    "DLFR": 14,
    "DSBL": 36,
    "DSBR": 34,
    "DSFL": 47,
    "DSFR": 51,
    "LLB": 1,
    "LLF": 2,
    "LSB": 32,
    "LSF": 86,
    "TLL": 164,
    "TLR": 7,
    "TSL": 0,
    "TSR": 89,
    "NM": 318
  }
}
