{
  "Match": "VICTOR Denmark Open 2021 ｜ Loh Kean Yew (SGP) vs Viktor Axelsen (DEN) [2] ｜ Round of 32",
  "b_r_players": [
    "Loh Kean Yew",
    "Viktor Axelsen"
  ],
  "correct_scores": [
    [
      19,
      21
    ],
    [
      14,
      21
    ],
    [
      0,
      0
    ]
  ],
  "games": [
    {
      "score count": 38,
      "blue red score": [
        16,
        22
      ]
    },
    {
      "score count": 29,
      "blue red score": [
        17,
        12
      ]
    }
  ],
  "blue win shots": {
    "長球": 18,
    "切球": 30,
    "殺球": 25,
    "挑球": 48,
    "小球": 26,
    "平球": 10,
    "撲球": 17
  },
  "blue loss shots": {
    "長球": 16,
    "切球": 40,
    "殺球": 30,
    "挑球": 31,
    "小球": 36,
    "平球": 11,
    "撲球": 14
  },
  "red win shots": {
    "長球": 22,
    "切球": 17,
    "殺球": 7,
    "挑球": 66,
    "小球": 26,
    "平球": 8,
    "撲球": 34
  },
  "red loss shots": {
    "長球": 17,
    "切球": 24,
    "殺球": 22,
    "挑球": 59,
    "小球": 24,
    "平球": 5,
    "撲球": 23
  },
  "blue win moves": {
    "DLBL": 5,
    "DLBR": 1,
    "DLFL": 1,
    "DLFR": 2,
    "DSBL": 6,
    "DSBR": 8,
    "DSFL": 9,
    "DSFR": 5,
    "LLB": 0,
    "LLF": 0,
    "LSB": 8,
    "LSF": 33,
    "TLL": 15,
    "TLR": 0,
    "TSL": 0,
    "TSR": 13,
    "NM": 68
  },
  "blue loss moves": {
    "DLBL": 2,
    "DLBR": 1,
    "DLFL": 1,
    "DLFR": 4,
    "DSBL": 7,
    "DSBR": 7,
    "DSFL": 7,
    "DSFR": 13,
    "LLB": 0,
    "LLF": 1,
    "LSB": 5,
    "LSF": 36,
    "TLL": 12,
    "TLR": 0,
    "TSL": 0,
    "TSR": 14,
    "NM": 70
  },
  "red win moves": {
    "DLBL": 5,
    "DLBR": 3,
    "DLFL": 0,
    "DLFR": 3,
    "DSBL": 7,
    "DSBR": 3,
    "DSFL": 6,
    "DSFR": 12,
    "LLB": 1,
    "LLF": 1,
    "LSB": 8,
    "LSF": 38,
    "TLL": 14,
    "TLR": 1,
    "TSL": 0,
    "TSR": 12,
    "NM": 64
  },
  "red loss moves": {
    "DLBL": 1,
    "DLBR": 1,
    "DLFL": 2,
    "DLFR": 4,
    "DSBL": 5,
    "DSBR": 1,
    "DSFL": 6,
    "DSFR": 7,
    "LLB": 2,
    "LLF": 2,
    "LSB": 11,
    "LSF": 30,
    "TLL": 17,
    "TLR": 1,
    "TSL": 0,
    "TSR": 15,
    "NM": 69
  },
  "blue total shots": {
    "長球": 34,
    "切球": 70,
    "殺球": 55,
    "挑球": 79,
    "小球": 62,
    "平球": 21,
    "撲球": 31
  },
  "red total shots": {
    "長球": 39,
    "切球": 41,
    "殺球": 29,
    "挑球": 125,
    "小球": 50,
    "平球": 13,
    "撲球": 57
  },
  "blue total moves": {
    "DLBL": 7,
    "DLBR": 2,
    "DLFL": 2,
    "DLFR": 6,
    "DSBL": 13,
    "DSBR": 15,
    "DSFL": 16,
    "DSFR": 18,
    "LLB": 0,
    "LLF": 1,
    "LSB": 13,
    "LSF": 69,
    "TLL": 27,
    "TLR": 0,
    "TSL": 0,
    "TSR": 27,
    "NM": 138
  },
  "red total moves": {
    "DLBL": 6,
    "DLBR": 4,
    "DLFL": 2,
    "DLFR": 7,
    "DSBL": 12,
    "DSBR": 4,
    "DSFL": 12,
    "DSFR": 19,
    "LLB": 3,
    "LLF": 3,
    "LSB": 19,
    "LSF": 68,
    "TLL": 31,
    "TLR": 2,
    "TSL": 0,
    "TSR": 27,
    "NM": 133
  }
}