{
  "Match": "EAST VENTURES Indonesia Open 2022 ｜ Ng Ka Long Angus (HKG) vs. Prannoy H. S. (IND) ｜ R16",
  "b_r_players": [
    "Prannoy H. S.",
    "Ng Ka Long Angus"
  ],
  "correct_scores": [
    [
      21,
      11
    ],
    [
      21,
      18
    ],
    [
      0,
      0
    ]
  ],
  "games": [
    {
      "score count": 31,
      "blue red score": [
        16,
        15
      ]
    },
    {
      "score count": 40,
      "blue red score": [
        22,
        18
      ]
    }
  ],
  "blue win shots": {
    "長球": 38,
    "切球": 37,
    "殺球": 40,
    "挑球": 96,
    "小球": 21,
    "平球": 20,
    "撲球": 34
  },
  "blue loss shots": {
    "長球": 27,
    "切球": 34,
    "殺球": 37,
    "挑球": 81,
    "小球": 19,
    "平球": 18,
    "撲球": 25
  },
  "red win shots": {
    "長球": 25,
    "切球": 37,
    "殺球": 46,
    "挑球": 73,
    "小球": 28,
    "平球": 15,
    "撲球": 16
  },
  "red loss shots": {
    "長球": 38,
    "切球": 49,
    "殺球": 54,
    "挑球": 77,
    "小球": 30,
    "平球": 19,
    "撲球": 24
  },
  "blue win moves": {
    "DLBL": 3,
    "DLBR": 2,
    "DLFL": 2,
    "DLFR": 3,
    "DSBL": 6,
    "DSBR": 7,
    "DSFL": 16,
    "DSFR": 13,
    "LLB": 0,
    "LLF": 2,
    "LSB": 14,
    "LSF": 43,
    "TLL": 30,
    "TLR": 1,
    "TSL": 0,
    "TSR": 22,
    "NM": 127
  },
  "blue loss moves": {
    "DLBL": 3,
    "DLBR": 1,
    "DLFL": 0,
    "DLFR": 2,
    "DSBL": 2,
    "DSBR": 6,
    "DSFL": 12,
    "DSFR": 13,
    "LLB": 0,
    "LLF": 1,
    "LSB": 10,
    "LSF": 31,
    "TLL": 25,
    "TLR": 3,
    "TSL": 0,
    "TSR": 20,
    "NM": 111
  },
  "red win moves": {
    "DLBL": 3,
    "DLBR": 2,
    "DLFL": 4,
    "DLFR": 3,
    "DSBL": 5,
    "DSBR": 11,
    "DSFL": 6,
    "DSFR": 24,
    "LLB": 0,
    "LLF": 1,
    "LSB": 6,
    "LSF": 31,
    "TLL": 24,
    "TLR": 2,
    "TSL": 0,
    "TSR": 28,
    "NM": 91
  },
  "red loss moves": {
    "DLBL": 3,
    "DLBR": 2,
    "DLFL": 2,
    "DLFR": 4,
    "DSBL": 9,
    "DSBR": 8,
    "DSFL": 18,
    "DSFR": 20,
    "LLB": 1,
    "LLF": 0,
    "LSB": 4,
    "LSF": 34,
    "TLL": 24,
    "TLR": 3,
    "TSL": 0,
    "TSR": 29,
    "NM": 125
  },
  "blue total shots": {
    "長球": 65,
    "切球": 71,
    "殺球": 77,
    "挑球": 177,
    "小球": 40,
    "平球": 38,
    "撲球": 59
  },
  "red total shots": {
    "長球": 63,
    "切球": 86,
    "殺球": 100,
    "挑球": 150,
    "小球": 58,
    "平球": 34,
    "撲球": 40
  },
  "blue total moves": {
    "DLBL": 6,
    "DLBR": 3,
    "DLFL": 2,
    "DLFR": 5,
    "DSBL": 8,
    "DSBR": 13,
    "DSFL": 28,
    "DSFR": 26,
    "LLB": 0,
    "LLF": 3,
    "LSB": 24,
    "LSF": 74,
    "TLL": 55,
    "TLR": 4,
    "TSL": 0,
    "TSR": 42,
    "NM": 238
  },
  "red total moves": {
    "DLBL": 6,
    "DLBR": 4,
    "DLFL": 6,
    "DLFR": 7,
    "DSBL": 14,
    "DSBR": 19,
    "DSFL": 24,
    "DSFR": 44,
    "LLB": 1,
    "LLF": 1,
    "LSB": 10,
    "LSF": 65,
    "TLL": 48,
    "TLR": 5,
    "TSL": 0,
    "TSR": 57,
    "NM": 216
  }
}