{
  "Match": "TotalEnergies BWF World Championships 2021 ｜ Lakshya Sen (IND) vs Zhao Jun Peng (CHN) ｜ QF",
  "b_r_players": [
    "Zhao Jun Peng",
    "Lakshya Sen"
  ],
  "correct_scores": [
    [
      15,
      21
    ],
    [
      21,
      15
    ],
    [
      20,
      22
    ]
  ],
  "games": [
    {
      "score count": 34,
      "blue red score": [
        19,
        15
      ]
    },
    {
      "score count": 30,
      "blue red score": [
        21,
        9
      ]
    },
    {
      "score count": 41,
      "blue red score": [
        15,
        26
      ]
    }
  ],
  "blue win shots": {
    "長球": 53,
    "切球": 150,
    "殺球": 88,
    "挑球": 127,
    "小球": 48,
    "平球": 24,
    "撲球": 50
  },
  "blue loss shots": {
    "長球": 41,
    "切球": 182,
    "殺球": 90,
    "挑球": 56,
    "小球": 49,
    "平球": 18,
    "撲球": 16
  },
  "red win shots": {
    "長球": 56,
    "切球": 19,
    "殺球": 18,
    "挑球": 253,
    "小球": 20,
    "平球": 21,
    "撲球": 64
  },
  "red loss shots": {
    "長球": 60,
    "切球": 66,
    "殺球": 49,
    "挑球": 229,
    "小球": 50,
    "平球": 20,
    "撲球": 63
  },
  "blue win moves": {
    "DLBL": 2,
    "DLBR": 2,
    "DLFL": 2,
    "DLFR": 3,
    "DSBL": 16,
    "DSBR": 9,
    "DSFL": 32,
    "DSFR": 31,
    "LLB": 1,
    "LLF": 3,
    "LSB": 10,
    "LSF": 72,
    "TLL": 53,
    "TLR": 5,
    "TSL": 0,
    "TSR": 60,
    "NM": 236
  },
  "blue loss moves": {
    "DLBL": 2,
    "DLBR": 1,
    "DLFL": 2,
    "DLFR": 1,
    "DSBL": 14,
    "DSBR": 8,
    "DSFL": 22,
    "DSFR": 21,
    "LLB": 0,
    "LLF": 0,
    "LSB": 19,
    "LSF": 57,
    "TLL": 54,
    "TLR": 2,
    "TSL": 0,
    "TSR": 47,
    "NM": 201
  },
  "red win moves": {
    "DLBL": 3,
    "DLBR": 12,
    "DLFL": 4,
    "DLFR": 3,
    "DSBL": 11,
    "DSBR": 6,
    "DSFL": 16,
    "DSFR": 18,
    "LLB": 2,
    "LLF": 0,
    "LSB": 34,
    "LSF": 67,
    "TLL": 29,
    "TLR": 3,
    "TSL": 0,
    "TSR": 29,
    "NM": 215
  },
  "red loss moves": {
    "DLBL": 2,
    "DLBR": 15,
    "DLFL": 4,
    "DLFR": 4,
    "DSBL": 13,
    "DSBR": 20,
    "DSFL": 29,
    "DSFR": 24,
    "LLB": 1,
    "LLF": 2,
    "LSB": 26,
    "LSF": 75,
    "TLL": 40,
    "TLR": 4,
    "TSL": 0,
    "TSR": 32,
    "NM": 249
  },
  "blue total shots": {
    "長球": 94,
    "切球": 332,
    "殺球": 178,
    "挑球": 183,
    "小球": 97,
    "平球": 42,
    "撲球": 66
  },
  "red total shots": {
    "長球": 116,
    "切球": 85,
    "殺球": 67,
    "挑球": 482,
    "小球": 70,
    "平球": 41,
    "撲球": 127
  },
  "blue total moves": {
    "DLBL": 4,
    "DLBR": 3,
    "DLFL": 4,
    "DLFR": 4,
    "DSBL": 30,
    "DSBR": 17,
    "DSFL": 54,
    "DSFR": 52,
    "LLB": 1,
    "LLF": 3,
    "LSB": 29,
    "LSF": 129,
    "TLL": 107,
    "TLR": 7,
    "TSL": 0,
    "TSR": 107,
    "NM": 437
  },
  "red total moves": {
    "DLBL": 5,
    "DLBR": 27,
    "DLFL": 8,
    "DLFR": 7,
    "DSBL": 24,
    "DSBR": 26,
    "DSFL": 45,
    "DSFR": 42,
    "LLB": 3,
    "LLF": 2,
    "LSB": 60,
    "LSF": 142,
    "TLL": 69,
    "TLR": 7,
    "TSL": 0,
    "TSR": 61,
    "NM": 464
  }
}