{
  "Match": "PETRONAS Malaysia Open 2022 ｜ Kunlavut Vitidsarn (THA) vs. Kento Momota (JPN) [2] ｜ SF",
  "b_r_players": [
    "Kento Momota",
    "Kunlavut Vitidsarn"
  ],
  "correct_scores": [
    [
      21,
      11
    ],
    [
      21,
      12
    ],
    [
      0,
      0
    ]
  ],
  "games": [
    {
      "score count": 33,
      "blue red score": [
        17,
        16
      ]
    },
    {
      "score count": 32,
      "blue red score": [
        19,
        13
      ]
    }
  ],
  "blue win shots": {
    "長球": 46,
    "切球": 54,
    "殺球": 49,
    "挑球": 130,
    "小球": 14,
    "平球": 22,
    "撲球": 32
  },
  "blue loss shots": {
    "長球": 25,
    "切球": 44,
    "殺球": 46,
    "挑球": 79,
    "小球": 18,
    "平球": 7,
    "撲球": 6
  },
  "red win shots": {
    "長球": 25,
    "切球": 35,
    "殺球": 45,
    "挑球": 91,
    "小球": 9,
    "平球": 13,
    "撲球": 10
  },
  "red loss shots": {
    "長球": 35,
    "切球": 76,
    "殺球": 64,
    "挑球": 119,
    "小球": 24,
    "平球": 23,
    "撲球": 11
  },
  "blue win moves": {
    "DLBL": 1,
    "DLBR": 3,
    "DLFL": 3,
    "DLFR": 2,
    "DSBL": 9,
    "DSBR": 9,
    "DSFL": 19,
    "DSFR": 14,
    "LLB": 0,
    "LLF": 2,
    "LSB": 15,
    "LSF": 33,
    "TLL": 49,
    "TLR": 5,
    "TSL": 0,
    "TSR": 27,
    "NM": 161
  },
  "blue loss moves": {
    "DLBL": 0,
    "DLBR": 1,
    "DLFL": 4,
    "DLFR": 0,
    "DSBL": 3,
    "DSBR": 2,
    "DSFL": 13,
    "DSFR": 9,
    "LLB": 0,
    "LLF": 1,
    "LSB": 8,
    "LSF": 18,
    "TLL": 25,
    "TLR": 5,
    "TSL": 0,
    "TSR": 27,
    "NM": 112
  },
  "red win moves": {
    "DLBL": 0,
    "DLBR": 1,
    "DLFL": 3,
    "DLFR": 3,
    "DSBL": 3,
    "DSBR": 3,
    "DSFL": 12,
    "DSFR": 6,
    "LLB": 0,
    "LLF": 0,
    "LSB": 8,
    "LSF": 20,
    "TLL": 20,
    "TLR": 0,
    "TSL": 0,
    "TSR": 20,
    "NM": 126
  },
  "red loss moves": {
    "DLBL": 1,
    "DLBR": 1,
    "DLFL": 4,
    "DLFR": 3,
    "DSBL": 1,
    "DSBR": 10,
    "DSFL": 20,
    "DSFR": 12,
    "LLB": 0,
    "LLF": 0,
    "LSB": 12,
    "LSF": 30,
    "TLL": 43,
    "TLR": 1,
    "TSL": 0,
    "TSR": 32,
    "NM": 177
  },
  "blue total shots": {
    "長球": 71,
    "切球": 98,
    "殺球": 95,
    "挑球": 209,
    "小球": 32,
    "平球": 29,
    "撲球": 38
  },
  "red total shots": {
    "長球": 60,
    "切球": 111,
    "殺球": 109,
    "挑球": 210,
    "小球": 33,
    "平球": 36,
    "撲球": 21
  },
  "blue total moves": {
    "DLBL": 1,
    "DLBR": 4,
    "DLFL": 7,
    "DLFR": 2,
    "DSBL": 12,
    "DSBR": 11,
    "DSFL": 32,
    "DSFR": 23,
    "LLB": 0,
    "LLF": 3,
    "LSB": 23,
    "LSF": 51,
    "TLL": 74,
    "TLR": 10,
    "TSL": 0,
    "TSR": 54,
    "NM": 273
  },
  "red total moves": {
    "DLBL": 1,
    "DLBR": 2,
    "DLFL": 7,
    "DLFR": 6,
    "DSBL": 4,
    "DSBR": 13,
    "DSFL": 32,
    "DSFR": 18,
    "LLB": 0,
    "LLF": 0,
    "LSB": 20,
    "LSF": 50,
    "TLL": 63,
    "TLR": 1,
    "TSL": 0,
    "TSR": 52,
    "NM": 303
  }
}
