{
  "Match": "YONEX All England Open 2021 ｜ Day 4： Lee Zii Jia (MAS) [6] vs Mark Caljouw (NED)",
  "b_r_players": [
    "Lee Zii Jia",
    "Mark Caljouw"
  ],
  "correct_scores": [
    [
      21,
      13
    ],
    [
      21,
      17
    ],
    [
      0,
      0
    ]
  ],
  "games": [
    {
      "score count": 44,
      "blue red score": [
        26,
        18
      ]
    },
    {
      "score count": 43,
      "blue red score": [
        21,
        22
      ]
    }
  ],
  "blue win shots": {
    "長球": 25,
    "切球": 50,
    "殺球": 33,
    "挑球": 112,
    "小球": 22,
    "平球": 16,
    "撲球": 22
  },
  "blue loss shots": {
    "長球": 19,
    "切球": 47,
    "殺球": 51,
    "挑球": 85,
    "小球": 11,
    "平球": 10,
    "撲球": 18
  },
  "red win shots": {
    "長球": 20,
    "切球": 41,
    "殺球": 40,
    "挑球": 94,
    "小球": 18,
    "平球": 8,
    "撲球": 11
  },
  "red loss shots": {
    "長球": 25,
    "切球": 64,
    "殺球": 55,
    "挑球": 80,
    "小球": 29,
    "平球": 11,
    "撲球": 15
  },
  "blue win moves": {
    "DLBL": 3,
    "DLBR": 0,
    "DLFL": 3,
    "DLFR": 4,
    "DSBL": 4,
    "DSBR": 3,
    "DSFL": 9,
    "DSFR": 10,
    "LLB": 0,
    "LLF": 1,
    "LSB": 11,
    "LSF": 26,
    "TLL": 25,
    "TLR": 2,
    "TSL": 0,
    "TSR": 17,
    "NM": 161
  },
  "blue loss moves": {
    "DLBL": 1,
    "DLBR": 0,
    "DLFL": 2,
    "DLFR": 1,
    "DSBL": 3,
    "DSBR": 2,
    "DSFL": 11,
    "DSFR": 11,
    "LLB": 0,
    "LLF": 0,
    "LSB": 8,
    "LSF": 28,
    "TLL": 25,
    "TLR": 1,
    "TSL": 0,
    "TSR": 23,
    "NM": 116
  },
  "red win moves": {
    "DLBL": 0,
    "DLBR": 0,
    "DLFL": 1,
    "DLFR": 1,
    "DSBL": 4,
    "DSBR": 1,
    "DSFL": 7,
    "DSFR": 7,
    "LLB": 0,
    "LLF": 1,
    "LSB": 8,
    "LSF": 24,
    "TLL": 34,
    "TLR": 1,
    "TSL": 0,
    "TSR": 18,
    "NM": 134
  },
  "red loss moves": {
    "DLBL": 3,
    "DLBR": 1,
    "DLFL": 1,
    "DLFR": 3,
    "DSBL": 6,
    "DSBR": 3,
    "DSFL": 14,
    "DSFR": 12,
    "LLB": 0,
    "LLF": 0,
    "LSB": 16,
    "LSF": 36,
    "TLL": 32,
    "TLR": 0,
    "TSL": 0,
    "TSR": 18,
    "NM": 135
  },
  "blue total shots": {
    "長球": 44,
    "切球": 97,
    "殺球": 84,
    "挑球": 197,
    "小球": 33,
    "平球": 26,
    "撲球": 40
  },
  "red total shots": {
    "長球": 45,
    "切球": 105,
    "殺球": 95,
    "挑球": 174,
    "小球": 47,
    "平球": 19,
    "撲球": 26
  },
  "blue total moves": {
    "DLBL": 4,
    "DLBR": 0,
    "DLFL": 5,
    "DLFR": 5,
    "DSBL": 7,
    "DSBR": 5,
    "DSFL": 20,
    "DSFR": 21,
    "LLB": 0,
    "LLF": 1,
    "LSB": 19,
    "LSF": 54,
    "TLL": 50,
    "TLR": 3,
    "TSL": 0,
    "TSR": 40,
    "NM": 277
  },
  "red total moves": {
    "DLBL": 3,
    "DLBR": 1,
    "DLFL": 2,
    "DLFR": 4,
    "DSBL": 10,
    "DSBR": 4,
    "DSFL": 21,
    "DSFR": 19,
    "LLB": 0,
    "LLF": 1,
    "LSB": 24,
    "LSF": 60,
    "TLL": 66,
    "TLR": 1,
    "TSL": 0,
    "TSR": 36,
    "NM": 269
  }
}