{
  "Match": "TotalEnergies BWF World Championships 2021 ｜ Anders Antonsen (DEN) [3] vs Loh Kean Yew (SGP) ｜ SF",
  "b_r_players": [
    "Anders Antonsen",
    "Loh Kean Yew"
  ],
  "correct_scores": [
    [
      21,
      23
    ],
    [
      14,
      21
    ],
    [
      0,
      0
    ]
  ],
  "games": [
    {
      "score count": 31,
      "blue red score": [
        20,
        11
      ]
    },
    {
      "score count": 44,
      "blue red score": [
        18,
        26
      ]
    }
  ],
  "blue win shots": {
    "長球": 46,
    "切球": 57,
    "殺球": 60,
    "挑球": 126,
    "小球": 33,
    "平球": 20,
    "撲球": 31
  },
  "blue loss shots": {
    "長球": 31,
    "切球": 43,
    "殺球": 25,
    "挑球": 150,
    "小球": 18,
    "平球": 17,
    "撲球": 41
  },
  "red win shots": {
    "長球": 26,
    "切球": 90,
    "殺球": 65,
    "挑球": 70,
    "小球": 36,
    "平球": 14,
    "撲球": 18
  },
  "red loss shots": {
    "長球": 57,
    "切球": 68,
    "殺球": 47,
    "挑球": 102,
    "小球": 36,
    "平球": 23,
    "撲球": 38
  },
  "blue win moves": {
    "DLBL": 4,
    "DLBR": 3,
    "DLFL": 3,
    "DLFR": 2,
    "DSBL": 12,
    "DSBR": 9,
    "DSFL": 32,
    "DSFR": 22,
    "LLB": 2,
    "LLF": 0,
    "LSB": 7,
    "LSF": 48,
    "TLL": 42,
    "TLR": 0,
    "TSL": 0,
    "TSR": 36,
    "NM": 149
  },
  "blue loss moves": {
    "DLBL": 4,
    "DLBR": 2,
    "DLFL": 3,
    "DLFR": 2,
    "DSBL": 10,
    "DSBR": 7,
    "DSFL": 16,
    "DSFR": 16,
    "LLB": 2,
    "LLF": 0,
    "LSB": 7,
    "LSF": 46,
    "TLL": 38,
    "TLR": 0,
    "TSL": 0,
    "TSR": 34,
    "NM": 132
  },
  "red win moves": {
    "DLBL": 7,
    "DLBR": 2,
    "DLFL": 2,
    "DLFR": 9,
    "DSBL": 8,
    "DSBR": 7,
    "DSFL": 21,
    "DSFR": 27,
    "LLB": 0,
    "LLF": 0,
    "LSB": 15,
    "LSF": 39,
    "TLL": 38,
    "TLR": 2,
    "TSL": 0,
    "TSR": 27,
    "NM": 121
  },
  "red loss moves": {
    "DLBL": 8,
    "DLBR": 3,
    "DLFL": 4,
    "DLFR": 10,
    "DSBL": 11,
    "DSBR": 8,
    "DSFL": 12,
    "DSFR": 28,
    "LLB": 4,
    "LLF": 2,
    "LSB": 16,
    "LSF": 36,
    "TLL": 46,
    "TLR": 4,
    "TSL": 0,
    "TSR": 36,
    "NM": 145
  },
  "blue total shots": {
    "長球": 77,
    "切球": 100,
    "殺球": 85,
    "挑球": 276,
    "小球": 51,
    "平球": 37,
    "撲球": 72
  },
  "red total shots": {
    "長球": 83,
    "切球": 158,
    "殺球": 112,
    "挑球": 172,
    "小球": 72,
    "平球": 37,
    "撲球": 56
  },
  "blue total moves": {
    "DLBL": 8,
    "DLBR": 5,
    "DLFL": 6,
    "DLFR": 4,
    "DSBL": 22,
    "DSBR": 16,
    "DSFL": 48,
    "DSFR": 38,
    "LLB": 4,
    "LLF": 0,
    "LSB": 14,
    "LSF": 94,
    "TLL": 80,
    "TLR": 0,
    "TSL": 0,
    "TSR": 70,
    "NM": 281
  },
  "red total moves": {
    "DLBL": 15,
    "DLBR": 5,
    "DLFL": 6,
    "DLFR": 19,
    "DSBL": 19,
    "DSBR": 15,
    "DSFL": 33,
    "DSFR": 55,
    "LLB": 4,
    "LLF": 2,
    "LSB": 31,
    "LSF": 75,
    "TLL": 84,
    "TLR": 6,
    "TSL": 0,
    "TSR": 63,
    "NM": 266
  }
}