{
  "Match": "SF ｜ MS ｜ Jonatan CHRISTIE (INA) [6] vs. Anthony Sinisuka GINTING (INA) [8] ｜ BWF 2019",
  "b_r_players": [
    "Jonatan CHRISTIE",
    "Anthony Sinisuka GINTING"
  ],
  "correct_scores": [
    [
      20,
      22
    ],
    [
      21,
      13
    ],
    [
      18,
      21
    ]
  ],
  "games": [
    {
      "score count": 42,
      "blue red score": [
        19,
        23
      ]
    },
    {
      "score count": 34,
      "blue red score": [
        17,
        17
      ]
    },
    {
      "score count": 36,
      "blue red score": [
        20,
        16
      ]
    }
  ],
  "blue win shots": {
    "長球": 55,
    "切球": 79,
    "殺球": 99,
    "挑球": 84,
    "小球": 43,
    "平球": 33,
    "撲球": 21
  },
  "blue loss shots": {
    "長球": 78,
    "切球": 71,
    "殺球": 115,
    "挑球": 136,
    "小球": 52,
    "平球": 34,
    "撲球": 20
  },
  "red win shots": {
    "長球": 95,
    "切球": 42,
    "殺球": 79,
    "挑球": 165,
    "小球": 43,
    "平球": 38,
    "撲球": 40
  },
  "red loss shots": {
    "長球": 71,
    "切球": 29,
    "殺球": 43,
    "挑球": 158,
    "小球": 36,
    "平球": 31,
    "撲球": 46
  },
  "blue win moves": {
    "DLBL": 0,
    "DLBR": 3,
    "DLFL": 1,
    "DLFR": 11,
    "DSBL": 6,
    "DSBR": 15,
    "DSFL": 26,
    "DSFR": 15,
    "LLB": 1,
    "LLF": 1,
    "LSB": 19,
    "LSF": 66,
    "TLL": 58,
    "TLR": 1,
    "TSL": 0,
    "TSR": 36,
    "NM": 155
  },
  "blue loss moves": {
    "DLBL": 10,
    "DLBR": 4,
    "DLFL": 7,
    "DLFR": 3,
    "DSBL": 7,
    "DSBR": 27,
    "DSFL": 20,
    "DSFR": 19,
    "LLB": 0,
    "LLF": 0,
    "LSB": 20,
    "LSF": 76,
    "TLL": 42,
    "TLR": 4,
    "TSL": 0,
    "TSR": 43,
    "NM": 220
  },
  "red win moves": {
    "DLBL": 10,
    "DLBR": 0,
    "DLFL": 4,
    "DLFR": 5,
    "DSBL": 17,
    "DSBR": 15,
    "DSFL": 18,
    "DSFR": 27,
    "LLB": 5,
    "LLF": 1,
    "LSB": 24,
    "LSF": 68,
    "TLL": 48,
    "TLR": 4,
    "TSL": 0,
    "TSR": 43,
    "NM": 217
  },
  "red loss moves": {
    "DLBL": 6,
    "DLBR": 4,
    "DLFL": 4,
    "DLFR": 7,
    "DSBL": 15,
    "DSBR": 9,
    "DSFL": 9,
    "DSFR": 30,
    "LLB": 3,
    "LLF": 2,
    "LSB": 20,
    "LSF": 60,
    "TLL": 30,
    "TLR": 4,
    "TSL": 0,
    "TSR": 30,
    "NM": 181
  },
  "blue total shots": {
    "長球": 133,
    "切球": 150,
    "殺球": 214,
    "挑球": 220,
    "小球": 95,
    "平球": 67,
    "撲球": 41
  },
  "red total shots": {
    "長球": 166,
    "切球": 71,
    "殺球": 122,
    "挑球": 323,
    "小球": 79,
    "平球": 69,
    "撲球": 86
  },
  "blue total moves": {
    "DLBL": 10,
    "DLBR": 7,
    "DLFL": 8,
    "DLFR": 14,
    "DSBL": 13,
    "DSBR": 42,
    "DSFL": 46,
    "DSFR": 34,
    "LLB": 1,
    "LLF": 1,
    "LSB": 39,
    "LSF": 142,
    "TLL": 100,
    "TLR": 5,
    "TSL": 0,
    "TSR": 79,
    "NM": 375
  },
  "red total moves": {
    "DLBL": 16,
    "DLBR": 4,
    "DLFL": 8,
    "DLFR": 12,
    "DSBL": 32,
    "DSBR": 24,
    "DSFL": 27,
    "DSFR": 57,
    "LLB": 8,
    "LLF": 3,
    "LSB": 44,
    "LSF": 128,
    "TLL": 78,
    "TLR": 8,
    "TSL": 0,
    "TSR": 73,
    "NM": 398
  }
}
