{
  "Match": "F  MS  Kento MOMOTA (JPN) [1] vs CHOU Tien Chen (TPE) [2]  BWF 2019",
  "b_r_players": [
    "Kento MOMOTA",
    "CHOU Tien Chen"
  ],
  "correct_scores": [
    [
      21,
      19
    ],
    [
      21,
      17
    ],
    [
      0,
      0
    ]
  ],
  "games": [
    {
      "score count": 40,
      "blue red score": [
        14,
        26
      ]
    },
    {
      "score count": 38,
      "blue red score": [
        20,
        18
      ]
    }
  ],
  "blue win shots": {
    "長球": 31,
    "切球": 37,
    "殺球": 28,
    "挑球": 67,
    "小球": 16,
    "平球": 7,
    "撲球": 30
  },
  "blue loss shots": {
    "長球": 29,
    "切球": 69,
    "殺球": 45,
    "挑球": 48,
    "小球": 19,
    "平球": 15,
    "撲球": 27
  },
  "red win shots": {
    "長球": 28,
    "切球": 23,
    "殺球": 26,
    "挑球": 121,
    "小球": 34,
    "平球": 8,
    "撲球": 17
  },
  "red loss shots": {
    "長球": 29,
    "切球": 42,
    "殺球": 32,
    "挑球": 71,
    "小球": 21,
    "平球": 13,
    "撲球": 18
  },
  "blue win moves": {
    "DLBL": 4,
    "DLBR": 1,
    "DLFL": 3,
    "DLFR": 3,
    "DSBL": 7,
    "DSBR": 7,
    "DSFL": 22,
    "DSFR": 12,
    "LLB": 2,
    "LLF": 1,
    "LSB": 6,
    "LSF": 47,
    "TLL": 22,
    "TLR": 3,
    "TSL": 0,
    "TSR": 31,
    "NM": 55
  },
  "blue loss moves": {
    "DLBL": 2,
    "DLBR": 1,
    "DLFL": 2,
    "DLFR": 7,
    "DSBL": 14,
    "DSBR": 0,
    "DSFL": 25,
    "DSFR": 9,
    "LLB": 0,
    "LLF": 1,
    "LSB": 5,
    "LSF": 39,
    "TLL": 37,
    "TLR": 5,
    "TSL": 0,
    "TSR": 30,
    "NM": 80
  },
  "red win moves": {
    "DLBL": 1,
    "DLBR": 6,
    "DLFL": 10,
    "DLFR": 3,
    "DSBL": 2,
    "DSBR": 13,
    "DSFL": 19,
    "DSFR": 20,
    "LLB": 4,
    "LLF": 1,
    "LSB": 12,
    "LSF": 54,
    "TLL": 20,
    "TLR": 0,
    "TSL": 0,
    "TSR": 19,
    "NM": 68
  },
  "red loss moves": {
    "DLBL": 2,
    "DLBR": 3,
    "DLFL": 4,
    "DLFR": 2,
    "DSBL": 7,
    "DSBR": 9,
    "DSFL": 12,
    "DSFR": 22,
    "LLB": 2,
    "LLF": 1,
    "LSB": 8,
    "LSF": 36,
    "TLL": 26,
    "TLR": 1,
    "TSL": 0,
    "TSR": 16,
    "NM": 65
  },
  "blue total shots": {
    "長球": 60,
    "切球": 106,
    "殺球": 73,
    "挑球": 115,
    "小球": 35,
    "平球": 22,
    "撲球": 57
  },
  "red total shots": {
    "長球": 57,
    "切球": 65,
    "殺球": 58,
    "挑球": 192,
    "小球": 55,
    "平球": 21,
    "撲球": 35
  },
  "blue total moves": {
    "DLBL": 6,
    "DLBR": 2,
    "DLFL": 5,
    "DLFR": 10,
    "DSBL": 21,
    "DSBR": 7,
    "DSFL": 47,
    "DSFR": 21,
    "LLB": 2,
    "LLF": 2,
    "LSB": 11,
    "LSF": 86,
    "TLL": 59,
    "TLR": 8,
    "TSL": 0,
    "TSR": 61,
    "NM": 135
  },
  "red total moves": {
    "DLBL": 3,
    "DLBR": 9,
    "DLFL": 14,
    "DLFR": 5,
    "DSBL": 9,
    "DSBR": 22,
    "DSFL": 31,
    "DSFR": 42,
    "LLB": 6,
    "LLF": 2,
    "LSB": 20,
    "LSF": 90,
    "TLL": 46,
    "TLR": 1,
    "TSL": 0,
    "TSR": 35,
    "NM": 133
  }
}