{
  "Match": "TotalEnergies BWF World Championships 2021  Chou Tien Chen (TPE) [4] vs Sitthikorn Thammasin (THA)",
  "b_r_players": [
    "Sitthikorn Thammasin",
    "Chou Tien Chen"
  ],
  "correct_scores": [
    [
      12,
      21
    ],
    [
      10,
      21
    ],
    [
      0,
      0
    ]
  ],
  "games": [
    {
      "score count": 33,
      "blue red score": [
        13,
        20
      ]
    },
    {
      "score count": 29,
      "blue red score": [
        12,
        17
      ]
    }
  ],
  "blue win shots": {
    "長球": 23,
    "切球": 40,
    "殺球": 22,
    "挑球": 46,
    "小球": 9,
    "平球": 2,
    "撲球": 9
  },
  "blue loss shots": {
    "長球": 57,
    "切球": 50,
    "殺球": 35,
    "挑球": 90,
    "小球": 26,
    "平球": 7,
    "撲球": 22
  },
  "red win shots": {
    "長球": 55,
    "切球": 62,
    "殺球": 27,
    "挑球": 83,
    "小球": 21,
    "平球": 9,
    "撲球": 23
  },
  "red loss shots": {
    "長球": 22,
    "切球": 31,
    "殺球": 19,
    "挑球": 60,
    "小球": 8,
    "平球": 3,
    "撲球": 10
  },
  "blue win moves": {
    "DLBL": 2,
    "DLBR": 0,
    "DLFL": 1,
    "DLFR": 2,
    "DSBL": 2,
    "DSBR": 3,
    "DSFL": 6,
    "DSFR": 9,
    "LLB": 0,
    "LLF": 0,
    "LSB": 5,
    "LSF": 22,
    "TLL": 23,
    "TLR": 1,
    "TSL": 0,
    "TSR": 15,
    "NM": 62
  },
  "blue loss moves": {
    "DLBL": 5,
    "DLBR": 1,
    "DLFL": 1,
    "DLFR": 7,
    "DSBL": 4,
    "DSBR": 6,
    "DSFL": 20,
    "DSFR": 22,
    "LLB": 0,
    "LLF": 1,
    "LSB": 9,
    "LSF": 23,
    "TLL": 43,
    "TLR": 1,
    "TSL": 0,
    "TSR": 29,
    "NM": 108
  },
  "red win moves": {
    "DLBL": 4,
    "DLBR": 3,
    "DLFL": 3,
    "DLFR": 3,
    "DSBL": 9,
    "DSBR": 6,
    "DSFL": 12,
    "DSFR": 18,
    "LLB": 3,
    "LLF": 0,
    "LSB": 10,
    "LSF": 34,
    "TLL": 45,
    "TLR": 5,
    "TSL": 0,
    "TSR": 29,
    "NM": 103
  },
  "red loss moves": {
    "DLBL": 2,
    "DLBR": 2,
    "DLFL": 1,
    "DLFR": 0,
    "DSBL": 2,
    "DSBR": 4,
    "DSFL": 11,
    "DSFR": 9,
    "LLB": 0,
    "LLF": 0,
    "LSB": 4,
    "LSF": 19,
    "TLL": 24,
    "TLR": 2,
    "TSL": 0,
    "TSR": 16,
    "NM": 55
  },
  "blue total shots": {
    "長球": 80,
    "切球": 90,
    "殺球": 57,
    "挑球": 136,
    "小球": 35,
    "平球": 9,
    "撲球": 31
  },
  "red total shots": {
    "長球": 77,
    "切球": 93,
    "殺球": 46,
    "挑球": 143,
    "小球": 29,
    "平球": 12,
    "撲球": 33
  },
  "blue total moves": {
    "DLBL": 7,
    "DLBR": 1,
    "DLFL": 2,
    "DLFR": 9,
    "DSBL": 6,
    "DSBR": 9,
    "DSFL": 26,
    "DSFR": 31,
    "LLB": 0,
    "LLF": 1,
    "LSB": 14,
    "LSF": 45,
    "TLL": 66,
    "TLR": 2,
    "TSL": 0,
    "TSR": 44,
    "NM": 170
  },
  "red total moves": {
    "DLBL": 6,
    "DLBR": 5,
    "DLFL": 4,
    "DLFR": 3,
    "DSBL": 11,
    "DSBR": 10,
    "DSFL": 23,
    "DSFR": 27,
    "LLB": 3,
    "LLF": 0,
    "LSB": 14,
    "LSF": 53,
    "TLL": 69,
    "TLR": 7,
    "TSL": 0,
    "TSR": 45,
    "NM": 158
  }
}