{
  "Match": "TotalEnergies BWF World Championships 2021 ｜ Kidambi Srikanth (IND) [12] vs Loh Kean Yew (SGP) ｜ F",
  "b_r_players": [
    "Kidambi Srikanth",
    "Loh Kean Yew"
  ],
  "correct_scores": [
    [
      15,
      21
    ],
    [
      20,
      22
    ],
    [
      0,
      0
    ]
  ],
  "games": [
    {
      "score count": 34,
      "blue red score": [
        19,
        15
      ]
    },
    {
      "score count": 40,
      "blue red score": [
        18,
        22
      ]
    }
  ],
  "blue win shots": {
    "長球": 27,
    "切球": 37,
    "殺球": 28,
    "挑球": 104,
    "小球": 29,
    "平球": 9,
    "撲球": 21
  },
  "blue loss shots": {
    "長球": 27,
    "切球": 37,
    "殺球": 33,
    "挑球": 84,
    "小球": 22,
    "平球": 3,
    "撲球": 22
  },
  "red win shots": {
    "長球": 27,
    "切球": 58,
    "殺球": 28,
    "挑球": 68,
    "小球": 15,
    "平球": 10,
    "撲球": 20
  },
  "red loss shots": {
    "長球": 22,
    "切球": 64,
    "殺球": 47,
    "挑球": 71,
    "小球": 22,
    "平球": 8,
    "撲球": 23
  },
  "blue win moves": {
    "DLBL": 3,
    "DLBR": 4,
    "DLFL": 3,
    "DLFR": 1,
    "DSBL": 7,
    "DSBR": 5,
    "DSFL": 14,
    "DSFR": 14,
    "LLB": 0,
    "LLF": 0,
    "LSB": 9,
    "LSF": 43,
    "TLL": 21,
    "TLR": 1,
    "TSL": 0,
    "TSR": 19,
    "NM": 113
  },
  "blue loss moves": {
    "DLBL": 0,
    "DLBR": 0,
    "DLFL": 1,
    "DLFR": 0,
    "DSBL": 4,
    "DSBR": 6,
    "DSFL": 14,
    "DSFR": 6,
    "LLB": 1,
    "LLF": 0,
    "LSB": 9,
    "LSF": 38,
    "TLL": 27,
    "TLR": 1,
    "TSL": 0,
    "TSR": 21,
    "NM": 98
  },
  "red win moves": {
    "DLBL": 2,
    "DLBR": 1,
    "DLFL": 2,
    "DLFR": 3,
    "DSBL": 5,
    "DSBR": 3,
    "DSFL": 8,
    "DSFR": 13,
    "LLB": 1,
    "LLF": 1,
    "LSB": 7,
    "LSF": 36,
    "TLL": 24,
    "TLR": 2,
    "TSL": 0,
    "TSR": 28,
    "NM": 92
  },
  "red loss moves": {
    "DLBL": 2,
    "DLBR": 2,
    "DLFL": 1,
    "DLFR": 5,
    "DSBL": 1,
    "DSBR": 2,
    "DSFL": 18,
    "DSFR": 16,
    "LLB": 0,
    "LLF": 1,
    "LSB": 3,
    "LSF": 36,
    "TLL": 25,
    "TLR": 4,
    "TSL": 0,
    "TSR": 30,
    "NM": 109
  },
  "blue total shots": {
    "長球": 54,
    "切球": 74,
    "殺球": 61,
    "挑球": 188,
    "小球": 51,
    "平球": 12,
    "撲球": 43
  },
  "red total shots": {
    "長球": 49,
    "切球": 122,
    "殺球": 75,
    "挑球": 139,
    "小球": 37,
    "平球": 18,
    "撲球": 43
  },
  "blue total moves": {
    "DLBL": 3,
    "DLBR": 4,
    "DLFL": 4,
    "DLFR": 1,
    "DSBL": 11,
    "DSBR": 11,
    "DSFL": 28,
    "DSFR": 20,
    "LLB": 1,
    "LLF": 0,
    "LSB": 18,
    "LSF": 81,
    "TLL": 48,
    "TLR": 2,
    "TSL": 0,
    "TSR": 40,
    "NM": 211
  },
  "red total moves": {
    "DLBL": 4,
    "DLBR": 3,
    "DLFL": 3,
    "DLFR": 8,
    "DSBL": 6,
    "DSBR": 5,
    "DSFL": 26,
    "DSFR": 29,
    "LLB": 1,
    "LLF": 2,
    "LSB": 10,
    "LSF": 72,
    "TLL": 49,
    "TLR": 6,
    "TSL": 0,
    "TSR": 58,
    "NM": 201
  }
}