{
  "Match": "SF  MS  CHOU Tien Chen (TPE) [1] vs Shesar Hiren RHUSTAVITO (INA)  BWF 2019",
  "b_r_players": [
    "CHOU Tien Chen",
    "Shesar Hiren RHUSTAVITO"
  ],
  "correct_scores": [
    [
      23,
      25
    ],
    [
      21,
      10
    ],
    [
      21,
      13
    ]
  ],
  "games": [
    {
      "score count": 46,
      "blue red score": [
        23,
        23
      ]
    },
    {
      "score count": 31,
      "blue red score": [
        19,
        12
      ]
    },
    {
      "score count": 33,
      "blue red score": [
        15,
        18
      ]
    }
  ],
  "blue win shots": {
    "長球": 18,
    "切球": 68,
    "殺球": 56,
    "挑球": 112,
    "小球": 52,
    "平球": 20,
    "撲球": 30
  },
  "blue loss shots": {
    "長球": 25,
    "切球": 76,
    "殺球": 76,
    "挑球": 73,
    "小球": 45,
    "平球": 18,
    "撲球": 14
  },
  "red win shots": {
    "長球": 27,
    "切球": 25,
    "殺球": 42,
    "挑球": 154,
    "小球": 21,
    "平球": 17,
    "撲球": 37
  },
  "red loss shots": {
    "長球": 27,
    "切球": 54,
    "殺球": 51,
    "挑球": 123,
    "小球": 43,
    "平球": 18,
    "撲球": 47
  },
  "blue win moves": {
    "DLBL": 1,
    "DLBR": 1,
    "DLFL": 2,
    "DLFR": 5,
    "DSBL": 11,
    "DSBR": 7,
    "DSFL": 21,
    "DSFR": 17,
    "LLB": 1,
    "LLF": 1,
    "LSB": 22,
    "LSF": 41,
    "TLL": 48,
    "TLR": 6,
    "TSL": 0,
    "TSR": 27,
    "NM": 152
  },
  "blue loss moves": {
    "DLBL": 1,
    "DLBR": 2,
    "DLFL": 4,
    "DLFR": 6,
    "DSBL": 3,
    "DSBR": 6,
    "DSFL": 12,
    "DSFR": 17,
    "LLB": 1,
    "LLF": 0,
    "LSB": 21,
    "LSF": 36,
    "TLL": 44,
    "TLR": 3,
    "TSL": 0,
    "TSR": 27,
    "NM": 140
  },
  "red win moves": {
    "DLBL": 0,
    "DLBR": 1,
    "DLFL": 0,
    "DLFR": 2,
    "DSBL": 4,
    "DSBR": 3,
    "DSFL": 18,
    "DSFR": 15,
    "LLB": 1,
    "LLF": 2,
    "LSB": 22,
    "LSF": 54,
    "TLL": 31,
    "TLR": 4,
    "TSL": 0,
    "TSR": 27,
    "NM": 143
  },
  "red loss moves": {
    "DLBL": 2,
    "DLBR": 2,
    "DLFL": 2,
    "DLFR": 0,
    "DSBL": 11,
    "DSBR": 6,
    "DSFL": 21,
    "DSFR": 26,
    "LLB": 2,
    "LLF": 0,
    "LSB": 15,
    "LSF": 50,
    "TLL": 35,
    "TLR": 2,
    "TSL": 0,
    "TSR": 39,
    "NM": 143
  },
  "blue total shots": {
    "長球": 43,
    "切球": 144,
    "殺球": 132,
    "挑球": 185,
    "小球": 97,
    "平球": 38,
    "撲球": 44
  },
  "red total shots": {
    "長球": 54,
    "切球": 79,
    "殺球": 93,
    "挑球": 277,
    "小球": 64,
    "平球": 35,
    "撲球": 84
  },
  "blue total moves": {
    "DLBL": 2,
    "DLBR": 3,
    "DLFL": 6,
    "DLFR": 11,
    "DSBL": 14,
    "DSBR": 13,
    "DSFL": 33,
    "DSFR": 34,
    "LLB": 2,
    "LLF": 1,
    "LSB": 43,
    "LSF": 77,
    "TLL": 92,
    "TLR": 9,
    "TSL": 0,
    "TSR": 54,
    "NM": 292
  },
  "red total moves": {
    "DLBL": 2,
    "DLBR": 3,
    "DLFL": 2,
    "DLFR": 2,
    "DSBL": 15,
    "DSBR": 9,
    "DSFL": 39,
    "DSFR": 41,
    "LLB": 3,
    "LLF": 2,
    "LSB": 37,
    "LSF": 104,
    "TLL": 66,
    "TLR": 6,
    "TSL": 0,
    "TSR": 66,
    "NM": 286
  }
}
