{
  "Match": "HSBC BWF World Tour Finals  Day 2 Chou Tien Chen (TPE) [3] vs Anthony Sinisuka Ginting (INA)",
  "b_r_players": [
    "Chou Tien Chen",
    "Anthony Sinisuka Ginting"
  ],
  "correct_scores": [
    [
      21,
      19
    ],
    [
      21,
      11
    ],
    [
      0,
      0
    ]
  ],
  "games": [
    {
      "score count": 40,
      "blue red score": [
        22,
        18
      ]
    },
    {
      "score count": 32,
      "blue red score": [
        18,
        14
      ]
    }
  ],
  "blue win shots": {
    "長球": 27,
    "切球": 38,
    "殺球": 51,
    "挑球": 63,
    "小球": 25,
    "平球": 9,
    "撲球": 13
  },
  "blue loss shots": {
    "長球": 29,
    "切球": 29,
    "殺球": 27,
    "挑球": 54,
    "小球": 16,
    "平球": 9,
    "撲球": 13
  },
  "red win shots": {
    "長球": 29,
    "切球": 24,
    "殺球": 27,
    "挑球": 55,
    "小球": 10,
    "平球": 9,
    "撲球": 20
  },
  "red loss shots": {
    "長球": 40,
    "切球": 22,
    "殺球": 29,
    "挑球": 77,
    "小球": 13,
    "平球": 13,
    "撲球": 37
  },
  "blue win moves": {
    "DLBL": 2,
    "DLBR": 1,
    "DLFL": 1,
    "DLFR": 2,
    "DSBL": 5,
    "DSBR": 4,
    "DSFL": 9,
    "DSFR": 19,
    "LLB": 1,
    "LLF": 1,
    "LSB": 5,
    "LSF": 25,
    "TLL": 37,
    "TLR": 0,
    "TSL": 0,
    "TSR": 32,
    "NM": 87
  },
  "blue loss moves": {
    "DLBL": 2,
    "DLBR": 3,
    "DLFL": 3,
    "DLFR": 6,
    "DSBL": 9,
    "DSBR": 4,
    "DSFL": 3,
    "DSFR": 15,
    "LLB": 0,
    "LLF": 1,
    "LSB": 6,
    "LSF": 24,
    "TLL": 25,
    "TLR": 1,
    "TSL": 0,
    "TSR": 21,
    "NM": 51
  },
  "red win moves": {
    "DLBL": 3,
    "DLBR": 5,
    "DLFL": 1,
    "DLFR": 6,
    "DSBL": 6,
    "DSBR": 3,
    "DSFL": 5,
    "DSFR": 12,
    "LLB": 2,
    "LLF": 1,
    "LSB": 10,
    "LSF": 29,
    "TLL": 29,
    "TLR": 1,
    "TSL": 0,
    "TSR": 16,
    "NM": 48
  },
  "red loss moves": {
    "DLBL": 4,
    "DLBR": 1,
    "DLFL": 2,
    "DLFR": 3,
    "DSBL": 10,
    "DSBR": 8,
    "DSFL": 8,
    "DSFR": 14,
    "LLB": 3,
    "LLF": 0,
    "LSB": 5,
    "LSF": 44,
    "TLL": 23,
    "TLR": 2,
    "TSL": 0,
    "TSR": 26,
    "NM": 73
  },
  "blue total shots": {
    "長球": 56,
    "切球": 67,
    "殺球": 78,
    "挑球": 117,
    "小球": 41,
    "平球": 18,
    "撲球": 26
  },
  "red total shots": {
    "長球": 69,
    "切球": 46,
    "殺球": 56,
    "挑球": 132,
    "小球": 23,
    "平球": 22,
    "撲球": 57
  },
  "blue total moves": {
    "DLBL": 4,
    "DLBR": 4,
    "DLFL": 4,
    "DLFR": 8,
    "DSBL": 14,
    "DSBR": 8,
    "DSFL": 12,
    "DSFR": 34,
    "LLB": 1,
    "LLF": 2,
    "LSB": 11,
    "LSF": 49,
    "TLL": 62,
    "TLR": 1,
    "TSL": 0,
    "TSR": 53,
    "NM": 138
  },
  "red total moves": {
    "DLBL": 7,
    "DLBR": 6,
    "DLFL": 3,
    "DLFR": 9,
    "DSBL": 16,
    "DSBR": 11,
    "DSFL": 13,
    "DSFR": 26,
    "LLB": 5,
    "LLF": 1,
    "LSB": 15,
    "LSF": 73,
    "TLL": 52,
    "TLR": 3,
    "TSL": 0,
    "TSR": 42,
    "NM": 121
  }
}