{
  "Match": "BWF Thomas Cup ｜ Shi Yu Qi (CHN) vs Kento Momota (JPN) ｜ SF",
  "b_r_players": [
    "Shi Yu Qi",
    "Kento Momota"
  ],
  "correct_scores": [
    [
      20,
      22
    ],
    [
      5,
      21
    ],
    [
      0,
      0
    ]
  ],
  "games": [
    {
      "score count": 42,
      "blue red score": [
        20,
        22
      ]
    },
    {
      "score count": 24,
      "blue red score": [
        6,
        18
      ]
    }
  ],
  "blue win shots": {
    "長球": 16,
    "切球": 72,
    "殺球": 29,
    "挑球": 23,
    "小球": 11,
    "平球": 2,
    "撲球": 2
  },
  "blue loss shots": {
    "長球": 57,
    "切球": 97,
    "殺球": 42,
    "挑球": 69,
    "小球": 17,
    "平球": 1,
    "撲球": 13
  },
  "red win shots": {
    "長球": 54,
    "切球": 57,
    "殺球": 15,
    "挑球": 140,
    "小球": 4,
    "平球": 3,
    "撲球": 23
  },
  "red loss shots": {
    "長球": 24,
    "切球": 12,
    "殺球": 2,
    "挑球": 93,
    "小球": 1,
    "平球": 4,
    "撲球": 19
  },
  "blue win moves": {
    "DLBL": 0,
    "DLBR": 0,
    "DLFL": 2,
    "DLFR": 0,
    "DSBL": 1,
    "DSBR": 3,
    "DSFL": 8,
    "DSFR": 13,
    "LLB": 0,
    "LLF": 0,
    "LSB": 3,
    "LSF": 17,
    "TLL": 16,
    "TLR": 2,
    "TSL": 0,
    "TSR": 21,
    "NM": 69
  },
  "blue loss moves": {
    "DLBL": 1,
    "DLBR": 3,
    "DLFL": 4,
    "DLFR": 2,
    "DSBL": 4,
    "DSBR": 8,
    "DSFL": 7,
    "DSFR": 11,
    "LLB": 2,
    "LLF": 1,
    "LSB": 5,
    "LSF": 40,
    "TLL": 37,
    "TLR": 3,
    "TSL": 0,
    "TSR": 38,
    "NM": 130
  },
  "red win moves": {
    "DLBL": 4,
    "DLBR": 6,
    "DLFL": 5,
    "DLFR": 5,
    "DSBL": 7,
    "DSBR": 7,
    "DSFL": 16,
    "DSFR": 21,
    "LLB": 1,
    "LLF": 0,
    "LSB": 14,
    "LSF": 37,
    "TLL": 31,
    "TLR": 6,
    "TSL": 0,
    "TSR": 28,
    "NM": 108
  },
  "red loss moves": {
    "DLBL": 2,
    "DLBR": 2,
    "DLFL": 3,
    "DLFR": 2,
    "DSBL": 7,
    "DSBR": 3,
    "DSFL": 13,
    "DSFR": 6,
    "LLB": 2,
    "LLF": 0,
    "LSB": 7,
    "LSF": 28,
    "TLL": 11,
    "TLR": 3,
    "TSL": 0,
    "TSR": 17,
    "NM": 49
  },
  "blue total shots": {
    "長球": 73,
    "切球": 169,
    "殺球": 71,
    "挑球": 92,
    "小球": 28,
    "平球": 3,
    "撲球": 15
  },
  "red total shots": {
    "長球": 78,
    "切球": 69,
    "殺球": 17,
    "挑球": 233,
    "小球": 5,
    "平球": 7,
    "撲球": 42
  },
  "blue total moves": {
    "DLBL": 1,
    "DLBR": 3,
    "DLFL": 6,
    "DLFR": 2,
    "DSBL": 5,
    "DSBR": 11,
    "DSFL": 15,
    "DSFR": 24,
    "LLB": 2,
    "LLF": 1,
    "LSB": 8,
    "LSF": 57,
    "TLL": 53,
    "TLR": 5,
    "TSL": 0,
    "TSR": 59,
    "NM": 199
  },
  "red total moves": {
    "DLBL": 6,
    "DLBR": 8,
    "DLFL": 8,
    "DLFR": 7,
    "DSBL": 14,
    "DSBR": 10,
    "DSFL": 29,
    "DSFR": 27,
    "LLB": 3,
    "LLF": 0,
    "LSB": 21,
    "LSF": 65,
    "TLL": 42,
    "TLR": 9,
    "TSL": 0,
    "TSR": 45,
    "NM": 157
  }
}
