{
  "Match": "R16  MS  LOH Kean Yew (SGP) vs CHOU Tien Chen (TPE) [2]  BWF 2019",
  "b_r_players": [
    "CHOU Tien Chen",
    "LOH Kean Yew"
  ],
  "correct_scores": [
    [
      21,
      13
    ],
    [
      18,
      21
    ],
    [
      21,
      17
    ]
  ],
  "games": [
    {
      "score count": 34,
      "blue red score": [
        21,
        13
      ]
    },
    {
      "score count": 38,
      "blue red score": [
        22,
        16
      ]
    },
    {
      "score count": 37,
      "blue red score": [
        20,
        17
      ]
    }
  ],
  "blue win shots": {
    "長球": 49,
    "切球": 60,
    "殺球": 82,
    "挑球": 130,
    "小球": 50,
    "平球": 17,
    "撲球": 38
  },
  "blue loss shots": {
    "長球": 41,
    "切球": 30,
    "殺球": 45,
    "挑球": 136,
    "小球": 36,
    "平球": 22,
    "撲球": 39
  },
  "red win shots": {
    "長球": 49,
    "切球": 58,
    "殺球": 69,
    "挑球": 73,
    "小球": 51,
    "平球": 23,
    "撲球": 28
  },
  "red loss shots": {
    "長球": 60,
    "切球": 61,
    "殺球": 57,
    "挑球": 126,
    "小球": 56,
    "平球": 26,
    "撲球": 37
  },
  "blue win moves": {
    "DLBL": 4,
    "DLBR": 0,
    "DLFL": 7,
    "DLFR": 5,
    "DSBL": 9,
    "DSBR": 12,
    "DSFL": 18,
    "DSFR": 15,
    "LLB": 1,
    "LLF": 0,
    "LSB": 17,
    "LSF": 46,
    "TLL": 36,
    "TLR": 0,
    "TSL": 0,
    "TSR": 43,
    "NM": 210
  },
  "blue loss moves": {
    "DLBL": 6,
    "DLBR": 1,
    "DLFL": 6,
    "DLFR": 10,
    "DSBL": 10,
    "DSBR": 9,
    "DSFL": 13,
    "DSFR": 18,
    "LLB": 1,
    "LLF": 0,
    "LSB": 17,
    "LSF": 36,
    "TLL": 42,
    "TLR": 0,
    "TSL": 0,
    "TSR": 32,
    "NM": 150
  },
  "red win moves": {
    "DLBL": 4,
    "DLBR": 3,
    "DLFL": 3,
    "DLFR": 6,
    "DSBL": 7,
    "DSBR": 6,
    "DSFL": 15,
    "DSFR": 21,
    "LLB": 3,
    "LLF": 0,
    "LSB": 21,
    "LSF": 33,
    "TLL": 43,
    "TLR": 2,
    "TSL": 0,
    "TSR": 31,
    "NM": 151
  },
  "red loss moves": {
    "DLBL": 3,
    "DLBR": 2,
    "DLFL": 2,
    "DLFR": 5,
    "DSBL": 16,
    "DSBR": 8,
    "DSFL": 15,
    "DSFR": 21,
    "LLB": 5,
    "LLF": 2,
    "LSB": 20,
    "LSF": 49,
    "TLL": 44,
    "TLR": 3,
    "TSL": 0,
    "TSR": 38,
    "NM": 193
  },
  "blue total shots": {
    "長球": 90,
    "切球": 90,
    "殺球": 127,
    "挑球": 266,
    "小球": 86,
    "平球": 39,
    "撲球": 77
  },
  "red total shots": {
    "長球": 109,
    "切球": 119,
    "殺球": 126,
    "挑球": 199,
    "小球": 107,
    "平球": 49,
    "撲球": 65
  },
  "blue total moves": {
    "DLBL": 10,
    "DLBR": 1,
    "DLFL": 13,
    "DLFR": 15,
    "DSBL": 19,
    "DSBR": 21,
    "DSFL": 31,
    "DSFR": 33,
    "LLB": 2,
    "LLF": 0,
    "LSB": 34,
    "LSF": 82,
    "TLL": 78,
    "TLR": 0,
    "TSL": 0,
    "TSR": 75,
    "NM": 360
  },
  "red total moves": {
    "DLBL": 7,
    "DLBR": 5,
    "DLFL": 5,
    "DLFR": 11,
    "DSBL": 23,
    "DSBR": 14,
    "DSFL": 30,
    "DSFR": 42,
    "LLB": 8,
    "LLF": 2,
    "LSB": 41,
    "LSF": 82,
    "TLL": 87,
    "TLR": 5,
    "TSL": 0,
    "TSR": 69,
    "NM": 344
  }
}
