{
  "Match": "YONEX French Open 2022 ｜ Loh Kean Yew (SGP) [7] vs. Kanta Tsuneyama (JPN) ｜ R16",
  "b_r_players": [
    "Kanta Tsuneyama",
    "Loh Kean Yew"
  ],
  "correct_scores": [
    [
      14,
      21
    ],
    [
      11,
      21
    ],
    [
      0,
      0
    ]
  ],
  "games": [
    {
      "score count": 35,
      "blue red score": [
        17,
        18
      ]
    },
    {
      "score count": 31,
      "blue red score": [
        11,
        20
      ]
    }
  ],
  "blue win shots": {
    "長球": 28,
    "切球": 25,
    "殺球": 28,
    "挑球": 56,
    "小球": 9,
    "平球": 8,
    "撲球": 11
  },
  "blue loss shots": {
    "長球": 79,
    "切球": 34,
    "殺球": 45,
    "挑球": 119,
    "小球": 28,
    "平球": 17,
    "撲球": 29
  },
  "red win shots": {
    "長球": 81,
    "切球": 55,
    "殺球": 66,
    "挑球": 82,
    "小球": 39,
    "平球": 11,
    "撲球": 20
  },
  "red loss shots": {
    "長球": 35,
    "切球": 25,
    "殺球": 30,
    "挑球": 54,
    "小球": 14,
    "平球": 8,
    "撲球": 13
  },
  "blue win moves": {
    "DLBL": 2,
    "DLBR": 0,
    "DLFL": 1,
    "DLFR": 1,
    "DSBL": 4,
    "DSBR": 5,
    "DSFL": 5,
    "DSFR": 7,
    "LLB": 0,
    "LLF": 0,
    "LSB": 8,
    "LSF": 28,
    "TLL": 19,
    "TLR": 0,
    "TSL": 0,
    "TSR": 10,
    "NM": 89
  },
  "blue loss moves": {
    "DLBL": 6,
    "DLBR": 1,
    "DLFL": 3,
    "DLFR": 4,
    "DSBL": 13,
    "DSBR": 6,
    "DSFL": 12,
    "DSFR": 21,
    "LLB": 1,
    "LLF": 1,
    "LSB": 12,
    "LSF": 36,
    "TLL": 43,
    "TLR": 3,
    "TSL": 0,
    "TSR": 36,
    "NM": 156
  },
  "red win moves": {
    "DLBL": 12,
    "DLBR": 1,
    "DLFL": 6,
    "DLFR": 5,
    "DSBL": 9,
    "DSBR": 15,
    "DSFL": 17,
    "DSFR": 16,
    "LLB": 0,
    "LLF": 1,
    "LSB": 14,
    "LSF": 31,
    "TLL": 33,
    "TLR": 2,
    "TSL": 0,
    "TSR": 40,
    "NM": 149
  },
  "red loss moves": {
    "DLBL": 2,
    "DLBR": 1,
    "DLFL": 1,
    "DLFR": 2,
    "DSBL": 10,
    "DSBR": 2,
    "DSFL": 7,
    "DSFR": 10,
    "LLB": 0,
    "LLF": 0,
    "LSB": 9,
    "LSF": 17,
    "TLL": 9,
    "TLR": 3,
    "TSL": 0,
    "TSR": 21,
    "NM": 71
  },
  "blue total shots": {
    "長球": 107,
    "切球": 59,
    "殺球": 73,
    "挑球": 175,
    "小球": 37,
    "平球": 25,
    "撲球": 40
  },
  "red total shots": {
    "長球": 116,
    "切球": 80,
    "殺球": 96,
    "挑球": 136,
    "小球": 53,
    "平球": 19,
    "撲球": 33
  },
  "blue total moves": {
    "DLBL": 8,
    "DLBR": 1,
    "DLFL": 4,
    "DLFR": 5,
    "DSBL": 17,
    "DSBR": 11,
    "DSFL": 17,
    "DSFR": 28,
    "LLB": 1,
    "LLF": 1,
    "LSB": 20,
    "LSF": 64,
    "TLL": 62,
    "TLR": 3,
    "TSL": 0,
    "TSR": 46,
    "NM": 245
  },
  "red total moves": {
    "DLBL": 14,
    "DLBR": 2,
    "DLFL": 7,
    "DLFR": 7,
    "DSBL": 19,
    "DSBR": 17,
    "DSFL": 24,
    "DSFR": 26,
    "LLB": 0,
    "LLF": 1,
    "LSB": 23,
    "LSF": 48,
    "TLL": 42,
    "TLR": 5,
    "TSL": 0,
    "TSR": 61,
    "NM": 220
  }
}