{
  "Match": "BWF World Championships 2022 ｜ Chico Aura Dwi Wardoyo (INA) vs. Ng Tze Yong (MAS) ｜ R64",
  "b_r_players": [
    "Ng Tze Yong",
    "Chico Aura Dwi Wardoyo"
  ],
  "correct_scores": [
    [
      21,
      16
    ],
    [
      21,
      10
    ],
    [
      0,
      0
    ]
  ],
  "games": [
    {
      "score count": 38,
      "blue red score": [
        20,
        18
      ]
    },
    {
      "score count": 30,
      "blue red score": [
        23,
        7
      ]
    }
  ],
  "blue win shots": {
    "長球": 27,
    "切球": 41,
    "殺球": 31,
    "挑球": 100,
    "小球": 24,
    "平球": 18,
    "撲球": 32
  },
  "blue loss shots": {
    "長球": 11,
    "切球": 37,
    "殺球": 25,
    "挑球": 42,
    "小球": 21,
    "平球": 9,
    "撲球": 11
  },
  "red win shots": {
    "長球": 16,
    "切球": 13,
    "殺球": 23,
    "挑球": 58,
    "小球": 23,
    "平球": 6,
    "撲球": 15
  },
  "red loss shots": {
    "長球": 19,
    "切球": 53,
    "殺球": 50,
    "挑球": 81,
    "小球": 35,
    "平球": 17,
    "撲球": 16
  },
  "blue win moves": {
    "DLBL": 2,
    "DLBR": 1,
    "DLFL": 0,
    "DLFR": 1,
    "DSBL": 8,
    "DSBR": 7,
    "DSFL": 5,
    "DSFR": 11,
    "LLB": 1,
    "LLF": 1,
    "LSB": 16,
    "LSF": 47,
    "TLL": 35,
    "TLR": 2,
    "TSL": 0,
    "TSR": 20,
    "NM": 114
  },
  "blue loss moves": {
    "DLBL": 0,
    "DLBR": 0,
    "DLFL": 2,
    "DLFR": 1,
    "DSBL": 5,
    "DSBR": 5,
    "DSFL": 1,
    "DSFR": 9,
    "LLB": 0,
    "LLF": 2,
    "LSB": 5,
    "LSF": 17,
    "TLL": 25,
    "TLR": 0,
    "TSL": 0,
    "TSR": 14,
    "NM": 68
  },
  "red win moves": {
    "DLBL": 3,
    "DLBR": 1,
    "DLFL": 0,
    "DLFR": 1,
    "DSBL": 7,
    "DSBR": 5,
    "DSFL": 3,
    "DSFR": 9,
    "LLB": 0,
    "LLF": 1,
    "LSB": 7,
    "LSF": 36,
    "TLL": 15,
    "TLR": 3,
    "TSL": 0,
    "TSR": 13,
    "NM": 52
  },
  "red loss moves": {
    "DLBL": 3,
    "DLBR": 1,
    "DLFL": 3,
    "DLFR": 3,
    "DSBL": 5,
    "DSBR": 7,
    "DSFL": 17,
    "DSFR": 13,
    "LLB": 0,
    "LLF": 2,
    "LSB": 14,
    "LSF": 50,
    "TLL": 36,
    "TLR": 2,
    "TSL": 0,
    "TSR": 20,
    "NM": 97
  },
  "blue total shots": {
    "長球": 38,
    "切球": 78,
    "殺球": 56,
    "挑球": 142,
    "小球": 45,
    "平球": 27,
    "撲球": 43
  },
  "red total shots": {
    "長球": 35,
    "切球": 66,
    "殺球": 73,
    "挑球": 139,
    "小球": 58,
    "平球": 23,
    "撲球": 31
  },
  "blue total moves": {
    "DLBL": 2,
    "DLBR": 1,
    "DLFL": 2,
    "DLFR": 2,
    "DSBL": 13,
    "DSBR": 12,
    "DSFL": 6,
    "DSFR": 20,
    "LLB": 1,
    "LLF": 3,
    "LSB": 21,
    "LSF": 64,
    "TLL": 60,
    "TLR": 2,
    "TSL": 0,
    "TSR": 34,
    "NM": 182
  },
  "red total moves": {
    "DLBL": 6,
    "DLBR": 2,
    "DLFL": 3,
    "DLFR": 4,
    "DSBL": 12,
    "DSBR": 12,
    "DSFL": 20,
    "DSFR": 22,
    "LLB": 0,
    "LLF": 3,
    "LSB": 21,
    "LSF": 86,
    "TLL": 51,
    "TLR": 5,
    "TSL": 0,
    "TSR": 33,
    "NM": 149
  }
}
