{
  "Match": "F ｜ MS ｜ Kento MOMOTA (JPN) [1] vs. CHEN Long (CHN) [5] ｜ BWF 2019",
  "b_r_players": [
    "Kento MOMOTA",
    "CHEN Long"
  ],
  "correct_scores": [
    [
      21,
      14
    ],
    [
      21,
      12
    ],
    [
      0,
      0
    ]
  ],
  "games": [
    {
      "score count": 34,
      "blue red score": [
        15,
        19
      ]
    },
    {
      "score count": 30,
      "blue red score": [
        14,
        16
      ]
    }
  ],
  "blue win shots": {
    "長球": 41,
    "切球": 52,
    "殺球": 55,
    "挑球": 81,
    "小球": 39,
    "平球": 21,
    "撲球": 34
  },
  "blue loss shots": {
    "長球": 22,
    "切球": 27,
    "殺球": 32,
    "挑球": 54,
    "小球": 35,
    "平球": 17,
    "撲球": 42
  },
  "red win shots": {
    "長球": 15,
    "切球": 38,
    "殺球": 24,
    "挑球": 69,
    "小球": 41,
    "平球": 22,
    "撲球": 18
  },
  "red loss shots": {
    "長球": 37,
    "切球": 42,
    "殺球": 48,
    "挑球": 116,
    "小球": 38,
    "平球": 23,
    "撲球": 24
  },
  "blue win moves": {
    "DLBL": 5,
    "DLBR": 4,
    "DLFL": 3,
    "DLFR": 2,
    "DSBL": 18,
    "DSBR": 15,
    "DSFL": 29,
    "DSFR": 21,
    "LLB": 2,
    "LLF": 0,
    "LSB": 11,
    "LSF": 37,
    "TLL": 28,
    "TLR": 2,
    "TSL": 0,
    "TSR": 26,
    "NM": 125
  },
  "blue loss moves": {
    "DLBL": 1,
    "DLBR": 4,
    "DLFL": 3,
    "DLFR": 2,
    "DSBL": 10,
    "DSBR": 6,
    "DSFL": 13,
    "DSFR": 10,
    "LLB": 0,
    "LLF": 1,
    "LSB": 8,
    "LSF": 23,
    "TLL": 23,
    "TLR": 3,
    "TSL": 0,
    "TSR": 18,
    "NM": 102
  },
  "red win moves": {
    "DLBL": 0,
    "DLBR": 0,
    "DLFL": 1,
    "DLFR": 1,
    "DSBL": 5,
    "DSBR": 9,
    "DSFL": 11,
    "DSFR": 7,
    "LLB": 1,
    "LLF": 2,
    "LSB": 13,
    "LSF": 40,
    "TLL": 13,
    "TLR": 0,
    "TSL": 0,
    "TSR": 18,
    "NM": 108
  },
  "red loss moves": {
    "DLBL": 1,
    "DLBR": 1,
    "DLFL": 2,
    "DLFR": 3,
    "DSBL": 6,
    "DSBR": 17,
    "DSFL": 15,
    "DSFR": 18,
    "LLB": 0,
    "LLF": 0,
    "LSB": 31,
    "LSF": 46,
    "TLL": 19,
    "TLR": 0,
    "TSL": 0,
    "TSR": 17,
    "NM": 147
  },
  "blue total shots": {
    "長球": 63,
    "切球": 79,
    "殺球": 87,
    "挑球": 135,
    "小球": 74,
    "平球": 38,
    "撲球": 76
  },
  "red total shots": {
    "長球": 52,
    "切球": 80,
    "殺球": 72,
    "挑球": 185,
    "小球": 79,
    "平球": 45,
    "撲球": 42
  },
  "blue total moves": {
    "DLBL": 6,
    "DLBR": 8,
    "DLFL": 6,
    "DLFR": 4,
    "DSBL": 28,
    "DSBR": 21,
    "DSFL": 42,
    "DSFR": 31,
    "LLB": 2,
    "LLF": 1,
    "LSB": 19,
    "LSF": 60,
    "TLL": 51,
    "TLR": 5,
    "TSL": 0,
    "TSR": 44,
    "NM": 227
  },
  "red total moves": {
    "DLBL": 1,
    "DLBR": 1,
    "DLFL": 3,
    "DLFR": 4,
    "DSBL": 11,
    "DSBR": 26,
    "DSFL": 26,
    "DSFR": 25,
    "LLB": 1,
    "LLF": 2,
    "LSB": 44,
    "LSF": 86,
    "TLL": 32,
    "TLR": 0,
    "TSL": 0,
    "TSR": 35,
    "NM": 255
  }
}