{
  "Match": "Singapore Open 2022 ｜ Kodai Naraoka (JPN) vs. Anthony Sinisuka Ginting (INA) [4] ｜ F",
  "b_r_players": [
    "Anthony Sinisuka Ginting",
    "Kodai Naraoka"
  ],
  "correct_scores": [
    [
      23,
      21
    ],
    [
      21,
      17
    ],
    [
      0,
      0
    ]
  ],
  "games": [
    {
      "score count": 34,
      "blue red score": [
        18,
        16
      ]
    },
    {
      "score count": 30,
      "blue red score": [
        11,
        18
      ]
    },
    {
      "score count": 0,
      "blue red score": [
        0,
        1
      ]
    }
  ],
  "blue win shots": {
    "長球": 19,
    "切球": 28,
    "殺球": 45,
    "挑球": 40,
    "小球": 30,
    "平球": 16,
    "撲球": 10
  },
  "blue loss shots": {
    "長球": 23,
    "切球": 21,
    "殺球": 29,
    "挑球": 68,
    "小球": 23,
    "平球": 13,
    "撲球": 14
  },
  "red win shots": {
    "長球": 15,
    "切球": 42,
    "殺球": 31,
    "挑球": 58,
    "小球": 14,
    "平球": 15,
    "撲球": 15
  },
  "red loss shots": {
    "長球": 20,
    "切球": 20,
    "殺球": 17,
    "挑球": 71,
    "小球": 15,
    "平球": 18,
    "撲球": 22
  },
  "blue win moves": {
    "DLBL": 2,
    "DLBR": 2,
    "DLFL": 1,
    "DLFR": 3,
    "DSBL": 9,
    "DSBR": 7,
    "DSFL": 8,
    "DSFR": 9,
    "LLB": 0,
    "LLF": 1,
    "LSB": 13,
    "LSF": 23,
    "TLL": 18,
    "TLR": 0,
    "TSL": 0,
    "TSR": 13,
    "NM": 74
  },
  "blue loss moves": {
    "DLBL": 3,
    "DLBR": 1,
    "DLFL": 6,
    "DLFR": 5,
    "DSBL": 10,
    "DSBR": 7,
    "DSFL": 10,
    "DSFR": 8,
    "LLB": 1,
    "LLF": 1,
    "LSB": 10,
    "LSF": 24,
    "TLL": 14,
    "TLR": 0,
    "TSL": 0,
    "TSR": 16,
    "NM": 74
  },
  "red win moves": {
    "DLBL": 1,
    "DLBR": 0,
    "DLFL": 0,
    "DLFR": 3,
    "DSBL": 2,
    "DSBR": 3,
    "DSFL": 7,
    "DSFR": 9,
    "LLB": 2,
    "LLF": 1,
    "LSB": 9,
    "LSF": 17,
    "TLL": 20,
    "TLR": 1,
    "TSL": 0,
    "TSR": 23,
    "NM": 93
  },
  "red loss moves": {
    "DLBL": 0,
    "DLBR": 2,
    "DLFL": 1,
    "DLFR": 3,
    "DSBL": 3,
    "DSBR": 6,
    "DSFL": 9,
    "DSFR": 8,
    "LLB": 0,
    "LLF": 0,
    "LSB": 6,
    "LSF": 16,
    "TLL": 29,
    "TLR": 1,
    "TSL": 0,
    "TSR": 19,
    "NM": 85
  },
  "blue total shots": {
    "長球": 42,
    "切球": 49,
    "殺球": 74,
    "挑球": 108,
    "小球": 53,
    "平球": 29,
    "撲球": 24
  },
  "red total shots": {
    "長球": 35,
    "切球": 62,
    "殺球": 48,
    "挑球": 129,
    "小球": 29,
    "平球": 33,
    "撲球": 37
  },
  "blue total moves": {
    "DLBL": 5,
    "DLBR": 3,
    "DLFL": 7,
    "DLFR": 8,
    "DSBL": 19,
    "DSBR": 14,
    "DSFL": 18,
    "DSFR": 17,
    "LLB": 1,
    "LLF": 2,
    "LSB": 23,
    "LSF": 47,
    "TLL": 32,
    "TLR": 0,
    "TSL": 0,
    "TSR": 29,
    "NM": 148
  },
  "red total moves": {
    "DLBL": 1,
    "DLBR": 2,
    "DLFL": 1,
    "DLFR": 6,
    "DSBL": 5,
    "DSBR": 9,
    "DSFL": 16,
    "DSFR": 17,
    "LLB": 2,
    "LLF": 1,
    "LSB": 15,
    "LSF": 33,
    "TLL": 49,
    "TLR": 2,
    "TSL": 0,
    "TSR": 42,
    "NM": 178
  }
}
