{
  "Match": "BWF World Championships 2022 ｜ Viktor Axelsen (DEN) [1] vs. Sitthikom Thammasin (THA) ｜ R16",
  "b_r_players": [
    "Viktor Axelsen",
    "Sitthikom Thammasin"
  ],
  "correct_scores": [
    [
      21,
      19
    ],
    [
      21,
      16
    ],
    [
      0,
      0
    ]
  ],
  "games": [
    {
      "score count": 39,
      "blue red score": [
        22,
        17
      ]
    },
    {
      "score count": 36,
      "blue red score": [
        23,
        13
      ]
    }
  ],
  "blue win shots": {
    "長球": 27,
    "切球": 37,
    "殺球": 36,
    "挑球": 96,
    "小球": 14,
    "平球": 11,
    "撲球": 20
  },
  "blue loss shots": {
    "長球": 34,
    "切球": 26,
    "殺球": 54,
    "挑球": 81,
    "小球": 11,
    "平球": 11,
    "撲球": 20
  },
  "red win shots": {
    "長球": 39,
    "切球": 43,
    "殺球": 29,
    "挑球": 70,
    "小球": 12,
    "平球": 15,
    "撲球": 17
  },
  "red loss shots": {
    "長球": 29,
    "切球": 47,
    "殺球": 49,
    "挑球": 70,
    "小球": 18,
    "平球": 10,
    "撲球": 19
  },
  "blue win moves": {
    "DLBL": 0,
    "DLBR": 1,
    "DLFL": 2,
    "DLFR": 5,
    "DSBL": 4,
    "DSBR": 3,
    "DSFL": 12,
    "DSFR": 16,
    "LLB": 0,
    "LLF": 0,
    "LSB": 9,
    "LSF": 44,
    "TLL": 38,
    "TLR": 0,
    "TSL": 0,
    "TSR": 29,
    "NM": 79
  },
  "blue loss moves": {
    "DLBL": 3,
    "DLBR": 0,
    "DLFL": 1,
    "DLFR": 5,
    "DSBL": 3,
    "DSBR": 6,
    "DSFL": 16,
    "DSFR": 19,
    "LLB": 0,
    "LLF": 1,
    "LSB": 10,
    "LSF": 26,
    "TLL": 38,
    "TLR": 2,
    "TSL": 0,
    "TSR": 21,
    "NM": 74
  },
  "red win moves": {
    "DLBL": 2,
    "DLBR": 0,
    "DLFL": 2,
    "DLFR": 2,
    "DSBL": 1,
    "DSBR": 8,
    "DSFL": 5,
    "DSFR": 13,
    "LLB": 1,
    "LLF": 1,
    "LSB": 15,
    "LSF": 34,
    "TLL": 33,
    "TLR": 1,
    "TSL": 0,
    "TSR": 19,
    "NM": 100
  },
  "red loss moves": {
    "DLBL": 1,
    "DLBR": 1,
    "DLFL": 1,
    "DLFR": 3,
    "DSBL": 4,
    "DSBR": 7,
    "DSFL": 10,
    "DSFR": 6,
    "LLB": 1,
    "LLF": 0,
    "LSB": 16,
    "LSF": 46,
    "TLL": 25,
    "TLR": 2,
    "TSL": 0,
    "TSR": 23,
    "NM": 95
  },
  "blue total shots": {
    "長球": 61,
    "切球": 63,
    "殺球": 90,
    "挑球": 177,
    "小球": 25,
    "平球": 22,
    "撲球": 40
  },
  "red total shots": {
    "長球": 68,
    "切球": 90,
    "殺球": 78,
    "挑球": 140,
    "小球": 30,
    "平球": 25,
    "撲球": 36
  },
  "blue total moves": {
    "DLBL": 3,
    "DLBR": 1,
    "DLFL": 3,
    "DLFR": 10,
    "DSBL": 7,
    "DSBR": 9,
    "DSFL": 28,
    "DSFR": 35,
    "LLB": 0,
    "LLF": 1,
    "LSB": 19,
    "LSF": 70,
    "TLL": 76,
    "TLR": 2,
    "TSL": 0,
    "TSR": 50,
    "NM": 153
  },
  "red total moves": {
    "DLBL": 3,
    "DLBR": 1,
    "DLFL": 3,
    "DLFR": 5,
    "DSBL": 5,
    "DSBR": 15,
    "DSFL": 15,
    "DSFR": 19,
    "LLB": 2,
    "LLF": 1,
    "LSB": 31,
    "LSF": 80,
    "TLL": 58,
    "TLR": 3,
    "TSL": 0,
    "TSR": 42,
    "NM": 195
  }
}
