{
  "Match": "BWF World Championships 2022 ｜ Lino Munoz (MEX) vs. Kento Momota (JPN) [2] ｜ R64",
  "b_r_players": [
    "Lino Munoz",
    "Kento Momota"
  ],
  "correct_scores": [
    [
      16,
      21
    ],
    [
      14,
      21
    ],
    [
      0,
      0
    ]
  ],
  "games": [
    {
      "score count": 36,
      "blue red score": [
        19,
        17
      ]
    },
    {
      "score count": 33,
      "blue red score": [
        14,
        19
      ]
    }
  ],
  "blue win shots": {
    "長球": 25,
    "切球": 40,
    "殺球": 37,
    "挑球": 36,
    "小球": 15,
    "平球": 7,
    "撲球": 12
  },
  "blue loss shots": {
    "長球": 30,
    "切球": 38,
    "殺球": 58,
    "挑球": 71,
    "小球": 17,
    "平球": 9,
    "撲球": 15
  },
  "red win shots": {
    "長球": 35,
    "切球": 35,
    "殺球": 32,
    "挑球": 86,
    "小球": 19,
    "平球": 13,
    "撲球": 15
  },
  "red loss shots": {
    "長球": 27,
    "切球": 23,
    "殺球": 12,
    "挑球": 77,
    "小球": 7,
    "平球": 11,
    "撲球": 18
  },
  "blue win moves": {
    "DLBL": 2,
    "DLBR": 1,
    "DLFL": 1,
    "DLFR": 1,
    "DSBL": 4,
    "DSBR": 7,
    "DSFL": 7,
    "DSFR": 10,
    "LLB": 0,
    "LLF": 0,
    "LSB": 10,
    "LSF": 19,
    "TLL": 19,
    "TLR": 5,
    "TSL": 0,
    "TSR": 16,
    "NM": 73
  },
  "blue loss moves": {
    "DLBL": 2,
    "DLBR": 4,
    "DLFL": 2,
    "DLFR": 3,
    "DSBL": 6,
    "DSBR": 5,
    "DSFL": 7,
    "DSFR": 12,
    "LLB": 1,
    "LLF": 0,
    "LSB": 7,
    "LSF": 28,
    "TLL": 35,
    "TLR": 2,
    "TSL": 0,
    "TSR": 25,
    "NM": 96
  },
  "red win moves": {
    "DLBL": 0,
    "DLBR": 0,
    "DLFL": 1,
    "DLFR": 0,
    "DSBL": 2,
    "DSBR": 2,
    "DSFL": 12,
    "DSFR": 4,
    "LLB": 0,
    "LLF": 0,
    "LSB": 11,
    "LSF": 34,
    "TLL": 29,
    "TLR": 2,
    "TSL": 0,
    "TSR": 27,
    "NM": 114
  },
  "red loss moves": {
    "DLBL": 0,
    "DLBR": 0,
    "DLFL": 1,
    "DLFR": 0,
    "DSBL": 8,
    "DSBR": 3,
    "DSFL": 4,
    "DSFR": 12,
    "LLB": 0,
    "LLF": 0,
    "LSB": 11,
    "LSF": 29,
    "TLL": 13,
    "TLR": 1,
    "TSL": 0,
    "TSR": 17,
    "NM": 73
  },
  "blue total shots": {
    "長球": 55,
    "切球": 78,
    "殺球": 95,
    "挑球": 107,
    "小球": 32,
    "平球": 16,
    "撲球": 27
  },
  "red total shots": {
    "長球": 62,
    "切球": 58,
    "殺球": 44,
    "挑球": 163,
    "小球": 26,
    "平球": 24,
    "撲球": 33
  },
  "blue total moves": {
    "DLBL": 4,
    "DLBR": 5,
    "DLFL": 3,
    "DLFR": 4,
    "DSBL": 10,
    "DSBR": 12,
    "DSFL": 14,
    "DSFR": 22,
    "LLB": 1,
    "LLF": 0,
    "LSB": 17,
    "LSF": 47,
    "TLL": 54,
    "TLR": 7,
    "TSL": 0,
    "TSR": 41,
    "NM": 169
  },
  "red total moves": {
    "DLBL": 0,
    "DLBR": 0,
    "DLFL": 2,
    "DLFR": 0,
    "DSBL": 10,
    "DSBR": 5,
    "DSFL": 16,
    "DSFR": 16,
    "LLB": 0,
    "LLF": 0,
    "LSB": 22,
    "LSF": 63,
    "TLL": 42,
    "TLR": 3,
    "TSL": 0,
    "TSR": 44,
    "NM": 187
  }
}
