{
  "Match": "TotalEnergies BWF World Championships 2021 ｜ Loh Kean Yew (SGP) vs Viktor Axelsen (DEN) [2] ｜ R64",
  "b_r_players": [
    "Viktor Axelsen",
    "Loh Kean Yew"
  ],
  "correct_scores": [
    [
      21,
      14
    ],
    [
      9,
      21
    ],
    [
      6,
      21
    ]
  ],
  "games": [
    {
      "score count": 34,
      "blue red score": [
        20,
        14
      ]
    },
    {
      "score count": 28,
      "blue red score": [
        8,
        20
      ]
    },
    {
      "score count": 25,
      "blue red score": [
        12,
        13
      ]
    }
  ],
  "blue win shots": {
    "長球": 37,
    "切球": 81,
    "殺球": 53,
    "挑球": 62,
    "小球": 31,
    "平球": 8,
    "撲球": 9
  },
  "blue loss shots": {
    "長球": 31,
    "切球": 85,
    "殺球": 66,
    "挑球": 106,
    "小球": 24,
    "平球": 12,
    "撲球": 13
  },
  "red win shots": {
    "長球": 49,
    "切球": 51,
    "殺球": 35,
    "挑球": 135,
    "小球": 21,
    "平球": 8,
    "撲球": 39
  },
  "red loss shots": {
    "長球": 51,
    "切球": 31,
    "殺球": 15,
    "挑球": 118,
    "小球": 12,
    "平球": 9,
    "撲球": 45
  },
  "blue win moves": {
    "DLBL": 2,
    "DLBR": 2,
    "DLFL": 4,
    "DLFR": 4,
    "DSBL": 7,
    "DSBR": 0,
    "DSFL": 16,
    "DSFR": 14,
    "LLB": 1,
    "LLF": 2,
    "LSB": 5,
    "LSF": 34,
    "TLL": 39,
    "TLR": 3,
    "TSL": 0,
    "TSR": 35,
    "NM": 113
  },
  "blue loss moves": {
    "DLBL": 3,
    "DLBR": 0,
    "DLFL": 3,
    "DLFR": 5,
    "DSBL": 5,
    "DSBR": 5,
    "DSFL": 16,
    "DSFR": 20,
    "LLB": 0,
    "LLF": 0,
    "LSB": 7,
    "LSF": 35,
    "TLL": 52,
    "TLR": 2,
    "TSL": 0,
    "TSR": 31,
    "NM": 154
  },
  "red win moves": {
    "DLBL": 12,
    "DLBR": 3,
    "DLFL": 4,
    "DLFR": 8,
    "DSBL": 7,
    "DSBR": 7,
    "DSFL": 11,
    "DSFR": 19,
    "LLB": 4,
    "LLF": 0,
    "LSB": 13,
    "LSF": 36,
    "TLL": 48,
    "TLR": 4,
    "TSL": 0,
    "TSR": 21,
    "NM": 140
  },
  "red loss moves": {
    "DLBL": 9,
    "DLBR": 5,
    "DLFL": 7,
    "DLFR": 7,
    "DSBL": 6,
    "DSBR": 11,
    "DSFL": 9,
    "DSFR": 15,
    "LLB": 4,
    "LLF": 0,
    "LSB": 16,
    "LSF": 39,
    "TLL": 27,
    "TLR": 2,
    "TSL": 0,
    "TSR": 23,
    "NM": 101
  },
  "blue total shots": {
    "長球": 68,
    "切球": 166,
    "殺球": 119,
    "挑球": 168,
    "小球": 55,
    "平球": 20,
    "撲球": 22
  },
  "red total shots": {
    "長球": 100,
    "切球": 82,
    "殺球": 50,
    "挑球": 253,
    "小球": 33,
    "平球": 17,
    "撲球": 84
  },
  "blue total moves": {
    "DLBL": 5,
    "DLBR": 2,
    "DLFL": 7,
    "DLFR": 9,
    "DSBL": 12,
    "DSBR": 5,
    "DSFL": 32,
    "DSFR": 34,
    "LLB": 1,
    "LLF": 2,
    "LSB": 12,
    "LSF": 69,
    "TLL": 91,
    "TLR": 5,
    "TSL": 0,
    "TSR": 66,
    "NM": 267
  },
  "red total moves": {
    "DLBL": 21,
    "DLBR": 8,
    "DLFL": 11,
    "DLFR": 15,
    "DSBL": 13,
    "DSBR": 18,
    "DSFL": 20,
    "DSFR": 34,
    "LLB": 8,
    "LLF": 0,
    "LSB": 29,
    "LSF": 75,
    "TLL": 75,
    "TLR": 6,
    "TSL": 0,
    "TSR": 44,
    "NM": 241
  }
}