{
  "Match": "SF  MS  Kantaphon WANGCHAROEN (THA) vs CHOU Tien Chen (TPE) [4]  BWF 2019",
  "b_r_players": [
    "CHOU Tien Chen",
    "Kantaphon WANGCHAROEN"
  ],
  "correct_scores": [
    [
      21,
      19
    ],
    [
      18,
      21
    ],
    [
      21,
      16
    ]
  ],
  "games": [
    {
      "score count": 38,
      "blue red score": [
        21,
        17
      ]
    },
    {
      "score count": 37,
      "blue red score": [
        17,
        20
      ]
    },
    {
      "score count": 36,
      "blue red score": [
        22,
        14
      ]
    }
  ],
  "blue win shots": {
    "長球": 46,
    "切球": 78,
    "殺球": 73,
    "挑球": 115,
    "小球": 56,
    "平球": 37,
    "撲球": 39
  },
  "blue loss shots": {
    "長球": 52,
    "切球": 61,
    "殺球": 103,
    "挑球": 121,
    "小球": 52,
    "平球": 45,
    "撲球": 35
  },
  "red win shots": {
    "長球": 59,
    "切球": 35,
    "殺球": 72,
    "挑球": 152,
    "小球": 57,
    "平球": 43,
    "撲球": 37
  },
  "red loss shots": {
    "長球": 42,
    "切球": 50,
    "殺球": 71,
    "挑球": 153,
    "小球": 47,
    "平球": 37,
    "撲球": 45
  },
  "blue win moves": {
    "DLBL": 4,
    "DLBR": 2,
    "DLFL": 5,
    "DLFR": 4,
    "DSBL": 1,
    "DSBR": 6,
    "DSFL": 22,
    "DSFR": 13,
    "LLB": 1,
    "LLF": 1,
    "LSB": 23,
    "LSF": 60,
    "TLL": 44,
    "TLR": 3,
    "TSL": 0,
    "TSR": 48,
    "NM": 208
  },
  "blue loss moves": {
    "DLBL": 2,
    "DLBR": 1,
    "DLFL": 4,
    "DLFR": 2,
    "DSBL": 7,
    "DSBR": 7,
    "DSFL": 20,
    "DSFR": 33,
    "LLB": 0,
    "LLF": 1,
    "LSB": 16,
    "LSF": 58,
    "TLL": 39,
    "TLR": 0,
    "TSL": 0,
    "TSR": 43,
    "NM": 222
  },
  "red win moves": {
    "DLBL": 7,
    "DLBR": 5,
    "DLFL": 6,
    "DLFR": 7,
    "DSBL": 18,
    "DSBR": 7,
    "DSFL": 21,
    "DSFR": 13,
    "LLB": 0,
    "LLF": 6,
    "LSB": 28,
    "LSF": 52,
    "TLL": 47,
    "TLR": 0,
    "TSL": 0,
    "TSR": 43,
    "NM": 209
  },
  "red loss moves": {
    "DLBL": 3,
    "DLBR": 1,
    "DLFL": 2,
    "DLFR": 6,
    "DSBL": 7,
    "DSBR": 7,
    "DSFL": 19,
    "DSFR": 22,
    "LLB": 0,
    "LLF": 0,
    "LSB": 19,
    "LSF": 66,
    "TLL": 44,
    "TLR": 2,
    "TSL": 0,
    "TSR": 37,
    "NM": 209
  },
  "blue total shots": {
    "長球": 98,
    "切球": 139,
    "殺球": 176,
    "挑球": 236,
    "小球": 108,
    "平球": 82,
    "撲球": 74
  },
  "red total shots": {
    "長球": 101,
    "切球": 85,
    "殺球": 143,
    "挑球": 305,
    "小球": 104,
    "平球": 80,
    "撲球": 82
  },
  "blue total moves": {
    "DLBL": 6,
    "DLBR": 3,
    "DLFL": 9,
    "DLFR": 6,
    "DSBL": 8,
    "DSBR": 13,
    "DSFL": 42,
    "DSFR": 46,
    "LLB": 1,
    "LLF": 2,
    "LSB": 39,
    "LSF": 118,
    "TLL": 83,
    "TLR": 3,
    "TSL": 0,
    "TSR": 91,
    "NM": 430
  },
  "red total moves": {
    "DLBL": 10,
    "DLBR": 6,
    "DLFL": 8,
    "DLFR": 13,
    "DSBL": 25,
    "DSBR": 14,
    "DSFL": 40,
    "DSFR": 35,
    "LLB": 0,
    "LLF": 6,
    "LSB": 47,
    "LSF": 118,
    "TLL": 91,
    "TLR": 2,
    "TSL": 0,
    "TSR": 80,
    "NM": 418
  }
}
