{
  "Match": "TotalEnergies BWF World Championships 2021 ｜ Howard Shu (USA) vs Lee Cheuk Yiu (HKG) [13] ｜ R64",
  "b_r_players": [
    "Howard Shu",
    "Lee Cheuk Yiu"
  ],
  "correct_scores": [
    [
      8,
      21
    ],
    [
      14,
      21
    ],
    [
      0,
      0
    ]
  ],
  "games": [
    {
      "score count": 61,
      "blue red score": [
        32,
        29
      ]
    }
  ],
  "blue win shots": {
    "長球": 29,
    "切球": 81,
    "殺球": 42,
    "挑球": 7,
    "小球": 22,
    "平球": 4,
    "撲球": 0
  },
  "blue loss shots": {
    "長球": 16,
    "切球": 67,
    "殺球": 50,
    "挑球": 10,
    "小球": 20,
    "平球": 6,
    "撲球": 0
  },
  "red win shots": {
    "長球": 20,
    "切球": 1,
    "殺球": 2,
    "挑球": 105,
    "小球": 1,
    "平球": 6,
    "撲球": 29
  },
  "red loss shots": {
    "長球": 33,
    "切球": 0,
    "殺球": 1,
    "挑球": 121,
    "小球": 5,
    "平球": 1,
    "撲球": 29
  },
  "blue win moves": {
    "DLBL": 0,
    "DLBR": 0,
    "DLFL": 3,
    "DLFR": 2,
    "DSBL": 3,
    "DSBR": 3,
    "DSFL": 12,
    "DSFR": 9,
    "LLB": 0,
    "LLF": 0,
    "LSB": 3,
    "LSF": 23,
    "TLL": 25,
    "TLR": 4,
    "TSL": 0,
    "TSR": 20,
    "NM": 83
  },
  "blue loss moves": {
    "DLBL": 0,
    "DLBR": 1,
    "DLFL": 3,
    "DLFR": 3,
    "DSBL": 5,
    "DSBR": 2,
    "DSFL": 8,
    "DSFR": 9,
    "LLB": 0,
    "LLF": 0,
    "LSB": 1,
    "LSF": 19,
    "TLL": 15,
    "TLR": 2,
    "TSL": 0,
    "TSR": 21,
    "NM": 75
  },
  "red win moves": {
    "DLBL": 3,
    "DLBR": 4,
    "DLFL": 0,
    "DLFR": 3,
    "DSBL": 7,
    "DSBR": 4,
    "DSFL": 7,
    "DSFR": 4,
    "LLB": 1,
    "LLF": 1,
    "LSB": 2,
    "LSF": 20,
    "TLL": 22,
    "TLR": 1,
    "TSL": 0,
    "TSR": 13,
    "NM": 77
  },
  "red loss moves": {
    "DLBL": 2,
    "DLBR": 0,
    "DLFL": 2,
    "DLFR": 3,
    "DSBL": 5,
    "DSBR": 7,
    "DSFL": 7,
    "DSFR": 12,
    "LLB": 0,
    "LLF": 0,
    "LSB": 12,
    "LSF": 24,
    "TLL": 20,
    "TLR": 0,
    "TSL": 0,
    "TSR": 22,
    "NM": 69
  },
  "blue total shots": {
    "長球": 45,
    "切球": 148,
    "殺球": 92,
    "挑球": 17,
    "小球": 42,
    "平球": 10,
    "撲球": 0
  },
  "red total shots": {
    "長球": 53,
    "切球": 1,
    "殺球": 3,
    "挑球": 226,
    "小球": 6,
    "平球": 7,
    "撲球": 58
  },
  "blue total moves": {
    "DLBL": 0,
    "DLBR": 1,
    "DLFL": 6,
    "DLFR": 5,
    "DSBL": 8,
    "DSBR": 5,
    "DSFL": 20,
    "DSFR": 18,
    "LLB": 0,
    "LLF": 0,
    "LSB": 4,
    "LSF": 42,
    "TLL": 40,
    "TLR": 6,
    "TSL": 0,
    "TSR": 41,
    "NM": 158
  },
  "red total moves": {
    "DLBL": 5,
    "DLBR": 4,
    "DLFL": 2,
    "DLFR": 6,
    "DSBL": 12,
    "DSBR": 11,
    "DSFL": 14,
    "DSFR": 16,
    "LLB": 1,
    "LLF": 1,
    "LSB": 14,
    "LSF": 44,
    "TLL": 42,
    "TLR": 1,
    "TSL": 0,
    "TSR": 35,
    "NM": 146
  }
}