{
  "Match": "PETRONAS Malaysia Open 2022 ｜ Viktor Axelsen (DEN) [1] vs. Anthony Sinisuka Ginting (INA) [6] ｜ QF",
  "b_r_players": [
    "Viktor Axelsen",
    "Anthony Sinisuka Ginting"
  ],
  "correct_scores": [
    [
      18,
      21
    ],
    [
      21,
      17
    ],
    [
      21,
      12
    ]
  ],
  "games": [
    {
      "score count": 40,
      "blue red score": [
        22,
        18
      ]
    },
    {
      "score count": 34,
      "blue red score": [
        22,
        12
      ]
    },
    {
      "score count": 33,
      "blue red score": [
        10,
        23
      ]
    }
  ],
  "blue win shots": {
    "長球": 36,
    "切球": 75,
    "殺球": 66,
    "挑球": 93,
    "小球": 13,
    "平球": 18,
    "撲球": 15
  },
  "blue loss shots": {
    "長球": 42,
    "切球": 112,
    "殺球": 83,
    "挑球": 100,
    "小球": 23,
    "平球": 13,
    "撲球": 10
  },
  "red win shots": {
    "長球": 54,
    "切球": 37,
    "殺球": 49,
    "挑球": 180,
    "小球": 17,
    "平球": 15,
    "撲球": 28
  },
  "red loss shots": {
    "長球": 44,
    "切球": 38,
    "殺球": 47,
    "挑球": 136,
    "小球": 12,
    "平球": 21,
    "撲球": 20
  },
  "blue win moves": {
    "DLBL": 0,
    "DLBR": 1,
    "DLFL": 7,
    "DLFR": 2,
    "DSBL": 0,
    "DSBR": 0,
    "DSFL": 7,
    "DSFR": 19,
    "LLB": 0,
    "LLF": 2,
    "LSB": 5,
    "LSF": 32,
    "TLL": 49,
    "TLR": 4,
    "TSL": 0,
    "TSR": 38,
    "NM": 152
  },
  "blue loss moves": {
    "DLBL": 3,
    "DLBR": 1,
    "DLFL": 4,
    "DLFR": 5,
    "DSBL": 0,
    "DSBR": 10,
    "DSFL": 13,
    "DSFR": 20,
    "LLB": 1,
    "LLF": 0,
    "LSB": 13,
    "LSF": 42,
    "TLL": 54,
    "TLR": 5,
    "TSL": 0,
    "TSR": 34,
    "NM": 175
  },
  "red win moves": {
    "DLBL": 6,
    "DLBR": 4,
    "DLFL": 3,
    "DLFR": 8,
    "DSBL": 8,
    "DSBR": 10,
    "DSFL": 18,
    "DSFR": 19,
    "LLB": 4,
    "LLF": 1,
    "LSB": 10,
    "LSF": 52,
    "TLL": 41,
    "TLR": 2,
    "TSL": 0,
    "TSR": 34,
    "NM": 163
  },
  "red loss moves": {
    "DLBL": 4,
    "DLBR": 3,
    "DLFL": 5,
    "DLFR": 4,
    "DSBL": 9,
    "DSBR": 10,
    "DSFL": 17,
    "DSFR": 18,
    "LLB": 1,
    "LLF": 1,
    "LSB": 9,
    "LSF": 32,
    "TLL": 33,
    "TLR": 2,
    "TSL": 0,
    "TSR": 28,
    "NM": 140
  },
  "blue total shots": {
    "長球": 78,
    "切球": 187,
    "殺球": 149,
    "挑球": 193,
    "小球": 36,
    "平球": 31,
    "撲球": 25
  },
  "red total shots": {
    "長球": 98,
    "切球": 75,
    "殺球": 96,
    "挑球": 316,
    "小球": 29,
    "平球": 36,
    "撲球": 48
  },
  "blue total moves": {
    "DLBL": 3,
    "DLBR": 2,
    "DLFL": 11,
    "DLFR": 7,
    "DSBL": 0,
    "DSBR": 10,
    "DSFL": 20,
    "DSFR": 39,
    "LLB": 1,
    "LLF": 2,
    "LSB": 18,
    "LSF": 74,
    "TLL": 103,
    "TLR": 9,
    "TSL": 0,
    "TSR": 72,
    "NM": 327
  },
  "red total moves": {
    "DLBL": 10,
    "DLBR": 7,
    "DLFL": 8,
    "DLFR": 12,
    "DSBL": 17,
    "DSBR": 20,
    "DSFL": 35,
    "DSFR": 37,
    "LLB": 5,
    "LLF": 2,
    "LSB": 19,
    "LSF": 84,
    "TLL": 74,
    "TLR": 4,
    "TSL": 0,
    "TSR": 62,
    "NM": 303
  }
}
